country,energy,year,hydropower_TWh,iso_code
Algeria,0.0005399956440348477,2000,0.14999999,DZA
Algeria,0.0006861823745410037,2001,0.19060774,DZA
Algeria,0.000562187270501836,2002,0.15616438,DZA
Algeria,0.002599433904528764,2003,0.72207075,DZA
Algeria,0.0024487608899128807,2004,0.6802168,DZA
Algeria,0.005373828209374326,2005,1.492742,DZA
Algeria,0.002094528619771042,2006,0.58181816,DZA
Algeria,0.002163812549499604,2007,0.60106385,DZA
Algeria,0.002688105119159047,2008,0.74670184,DZA
Algeria,0.0032314702282381746,2009,0.8976378,DZA
Algeria,0.0016218619051047594,2010,0.4505208,DZA
Algeria,0.0035253603571171435,2011,0.9792746,DZA
Algeria,0.0036092494060047525,2012,1.0025773,DZA
Algeria,0.0009115016199870401,2013,0.25319692,DZA
Algeria,0.0017679247606019154,2014,0.49109414,DZA
Algeria,0.0013215083879328966,2015,0.3670886,DZA
Algeria,0.0006512510259917921,2016,0.18090451,DZA
Algeria,0.0005039959680322558,2017,0.14,DZA
Algeria,0.0010477527899776804,2018,0.29104477,DZA
Algeria,0.0013544445244438046,2019,0.3762376,DZA
Algeria,0.00044088537691698473,2020,0.12246914,DZA
Algeria,8.24623947008424e-05,2021,0.022906404,DZA
Algeria,0.00014152221902224784,2022,0.039312042,DZA
Algeria,0.00025463211894304847,2023,0.07073171,DZA
Algeria,0.0004493817769457845,2024,0.12482927,DZA
Argentina,0.28575008999928003,2000,79.37566,ARG
Argentina,0.3637778457772338,2001,101.05021,ARG
Argentina,0.3528842969256246,2002,98.0242,ARG
Argentina,0.3315561055511556,2003,92.099655,ARG
Argentina,0.29719180646554827,2004,82.55394,ARG
Argentina,0.33112124703002377,2005,91.97886,ARG
Argentina,0.36591889264885885,2006,101.64495,ARG
Argentina,0.2989139606883145,2007,83.03232,ARG
Argentina,0.2963535891712867,2008,82.3211,ARG
Argentina,0.3270983512131903,2009,90.86138,ARG
Argentina,0.3127466340269278,2010,86.87476,ARG
Argentina,0.29086021311829513,2011,80.79515,ARG
Argentina,0.27059536323709416,2012,75.16598,ARG
Argentina,0.3017289221686227,2013,83.81426,ARG
Argentina,0.2969444524443805,2014,82.48523,ARG
Argentina,0.294718878248974,2015,81.86701,ARG
Argentina,0.26911854705162364,2016,74.75575,ARG
Argentina,0.2843462812297502,2017,78.98571,ARG
Argentina,0.2890603715170279,2018,80.29519,ARG
Argentina,0.24508765929872564,2019,68.08045,ARG
Argentina,0.21039566203470375,2020,58.443707,ARG
Argentina,0.17421736626106993,2021,48.3941,ARG
Argentina,0.20140017279861763,2022,55.94494,ARG
Argentina,0.27652527179782566,2023,76.81319,ARG
Argentina,0.2605043919648643,2024,72.36291,ARG
Australia,0.1646636654906761,2000,45.740273,AUS
Australia,0.16034293325653395,2001,44.54006,AUS
Australia,0.15874391964864282,2002,44.095886,AUS
Australia,0.1590123011015912,2003,44.170437,AUS
Australia,0.1530392756857945,2004,42.51125,AUS
Australia,0.1496668694650443,2005,41.574463,AUS
Australia,0.14385542515659877,2006,39.96016,AUS
Australia,0.1249357585139319,2007,34.704655,AUS
Australia,0.11222743898048816,2008,31.174538,AUS
Australia,0.11945147958816331,2009,33.181232,AUS
Australia,0.12886771905824754,2010,35.796875,AUS
Australia,0.18253532291741667,2011,50.704662,AUS
Australia,0.15806470948232415,2012,43.907215,AUS
Australia,0.17575409316725468,2013,48.820972,AUS
Australia,0.13267679458564333,2014,36.85496,AUS
Australia,0.1283828821369429,2015,35.662197,AUS
Australia,0.1594608323133415,2016,44.29503,AUS
Australia,0.12149648642810858,2017,33.749294,AUS
Australia,0.1550258729930161,2018,43.063087,AUS
Australia,0.12493687090503276,2019,34.704964,AUS
Australia,0.12818524011807905,2020,35.607296,AUS
Australia,0.1413625890992872,2021,39.2677,AUS
Australia,0.14736670746634029,2022,40.935524,AUS
Australia,0.1324014687882497,2023,36.77848,AUS
Australia,0.11282466340269279,2024,31.340435,AUS
Austria,0.41835315717474264,2000,116.21014,AUT
Austria,0.4023165094679243,2001,111.75548,AUT
Austria,0.39675628194974444,2002,110.21096,AUT
Austria,0.325812045503636,2003,90.50407,AUT
Austria,0.35865355677154587,2004,99.626785,AUT
Austria,0.3589823241414069,2005,99.71811,AUT
Austria,0.3432109223126215,2006,95.33713,AUT
Austria,0.3547738138094896,2007,98.54907,AUT
Austria,0.3640766793865649,2008,101.13322,AUT
Austria,0.3864186766505869,2009,107.33938,AUT
Austria,0.3596541507667939,2010,99.90473,AUT
Austria,0.3193078479372165,2011,88.697334,AUT
Austria,0.4068310533515732,2012,113.00953,AUT
Austria,0.3868516091871265,2013,107.45964,AUT
Austria,0.3756357909136727,2014,104.34411,AUT
Austria,0.3386421268629851,2015,94.06801,AUT
Austria,0.361546907624739,2016,100.4305,AUT
Austria,0.3446409928720571,2017,95.734375,AUT
Austria,0.33705320757433943,2018,93.62664,AUT
Austria,0.36379283965728276,2019,101.054375,AUT
Austria,0.3733128554971561,2020,103.698845,AUT
Austria,0.3448321333429333,2021,95.78747,AUT
Austria,0.30626387788897697,2022,85.07398,AUT
Austria,0.35712270861833106,2023,99.201546,AUT
Austria,0.39331139750882,2024,109.25404,AUT
Azerbaijan,0.015339877960976312,2000,4.2611113,AZE
Azerbaijan,0.012938018935848514,2001,3.5939229,AZE
Azerbaijan,0.01992312765497876,2002,5.5342464,AZE
Azerbaijan,0.024228688170494637,2003,6.730245,AZE
Azerbaijan,0.026877834977320183,2004,7.466125,AZE
Azerbaijan,0.02912299301605587,2005,8.089785,AZE
Azerbaijan,0.024237238102095184,2006,6.73262,AZE
Azerbaijan,0.02263386240910073,2007,6.2872343,AZE
Azerbaijan,0.021200885592915258,2008,5.889182,AZE
Azerbaijan,0.02181147670818634,2009,6.058792,AZE
Azerbaijan,0.03230880552955577,2010,8.97474,AZE
Azerbaijan,0.02495544891640867,2011,6.9321246,AZE
Azerbaijan,0.016895741234070127,2012,4.693299,AZE
Azerbaijan,0.013710273237814099,2013,3.8084397,AZE
Azerbaijan,0.011905553315573476,2014,3.3071246,AZE
Azerbaijan,0.014923932608539133,2015,4.14557,AZE
Azerbaijan,0.0177221700626395,2016,4.9228644,AZE
Azerbaijan,0.015717473180214558,2017,4.3659997,AZE
Azerbaijan,0.015832709338325295,2018,4.39801,AZE
Azerbaijan,0.013943650370797034,2019,3.8732672,AZE
Azerbaijan,0.009506590107279143,2020,2.6407406,AZE
Azerbaijan,0.011325722874217008,2021,3.1460593,AZE
Azerbaijan,0.014114186766505868,2022,3.9206388,AZE
Azerbaijan,0.0154833872129023,2023,4.3009753,AZE
Azerbaijan,0.025581395348837212,2024,7.106,AZE
Bangladesh,0.007489939520483838,2000,2.0805554,BGD
Bangladesh,0.009875059399524806,2001,2.743094,BGD
Bangladesh,0.007387338901288791,2002,2.052055,BGD
Bangladesh,0.007347080063359494,2003,2.0408719,BGD
Bangladesh,0.007307258981928146,2004,2.0298104,BGD
Bangladesh,0.007248328893368855,2005,2.0134408,BGD
Bangladesh,0.007209568363453093,2006,2.0026739,BGD
Bangladesh,0.007171219310245519,2007,1.9920213,BGD
Bangladesh,0.009023674490604075,2008,2.5065963,BGD
Bangladesh,0.003940125638994888,2009,1.0944881,BGD
Bangladesh,0.006834319965440277,2010,1.8984374,BGD
Bangladesh,0.008132577219382245,2011,2.2590673,BGD
Bangladesh,0.007209220606235151,2012,2.0025773,BGD
Bangladesh,0.006706246670026641,2013,1.8628612,BGD
Bangladesh,0.005188845129238967,2014,1.4413574,BGD
Bangladesh,0.008185573115415078,2015,2.2737885,BGD
Bangladesh,0.008001637626898987,2016,2.2226949,BGD
Bangladesh,0.009265679314565484,2017,2.5738204,BGD
Bangladesh,0.007749887680898552,2018,2.1527638,BGD
Bangladesh,0.0073344175246598045,2019,2.0373545,BGD
Bangladesh,0.006228134494924041,2020,1.7300512,BGD
Bangladesh,0.006046065591475269,2021,1.6794761,BGD
Bangladesh,0.006855217078263375,2022,1.9042422,BGD
Bangladesh,0.006002036143710851,2023,1.6672456,BGD
Bangladesh,0.008725988552091583,2024,2.4239051,BGD
Belarus,0.0002699978256173951,2000,0.074999996,BLR
Belarus,0.0002983401612787098,2001,0.08287293,BLR
Belarus,0.00028602509179926564,2002,0.07945205,BLR
Belarus,0.0002746572107423141,2003,0.07629428,BLR
Belarus,0.00032194866441068474,2004,0.0894309,BLR
Belarus,0.00034838429692562464,2005,0.09677419,BLR
Belarus,0.0003368956728346173,2006,0.09358288,BLR
Belarus,0.0003351037151702787,2007,0.09308511,BLR
Belarus,0.0003704455864353086,2008,0.102902375,BLR
Belarus,0.00042519346245230045,2009,0.11811024,BLR
Belarus,0.0004218716250269998,2010,0.1171875,BLR
Belarus,0.00039170671034631727,2011,0.10880829,BLR
Belarus,0.0006680358197134423,2012,0.18556699,BLR
Belarus,0.001270578011375909,2013,0.35294116,BLR
Belarus,0.0011083880408956728,2014,0.30788803,BLR
Belarus,0.0010116374469004248,2015,0.28101265,BLR
Belarus,0.0012844118727050186,2016,0.35678393,BLR
Belarus,0.003653970768233854,2017,1.015,BLR
Belarus,0.00290146925624595,2018,0.80597013,BLR
Belarus,0.0031276978184174528,2019,0.8688119,BLR
Belarus,0.003555527035783714,2020,0.9876543,BLR
Belarus,0.0032896288429692566,2021,0.9137931,BLR
Belarus,0.003272701202390381,2022,0.90909094,BLR
Belarus,0.00263412531499748,2023,0.73170733,BLR
Belarus,0.002362153646770826,2024,0.65615904,BLR
Belgium,0.004599963280293758,2000,1.2777778,BEL
Belgium,0.004385600835193319,2001,1.2182322,BEL
Belgium,0.0035506564907480742,2002,0.98630136,BEL
Belgium,0.002422868817049464,2003,0.6730245,BEL
Belgium,0.0030926583987328105,2004,0.85907865,BEL
Belgium,0.002787074303405573,2005,0.7741935,BEL
Belgium,0.003455587155302758,2006,0.959893,BEL
Belgium,0.0037244384044927644,2007,1.0345745,BEL
Belgium,0.003894427604579164,2008,1.0817941,BEL
Belgium,0.0030991877024983804,2009,0.86089236,BEL
Belgium,0.0029249766001871987,2010,0.8125,BEL
Belgium,0.0018279644682842537,2011,0.50777197,BEL
Belgium,0.0033123446612427104,2012,0.9201031,BEL
Belgium,0.003498693102455181,2013,0.97186697,BEL
Belgium,0.002676619771041832,2014,0.74351144,BEL
Belgium,0.0029018501331989346,2015,0.80607593,BEL
Belgium,0.0033467067463460298,2016,0.9296482,BEL
Belgium,0.0024308805529555766,2017,0.67525,BEL
Belgium,0.0026175908992728063,2018,0.7271144,BEL
Belgium,0.0026910673914608686,2019,0.7475247,BEL
Belgium,0.0023724256605947157,2020,0.6590124,BEL
Belgium,0.0037072611419108653,2021,1.029803,BEL
Belgium,0.0023979170566635465,2022,0.6660934,BEL
Belgium,0.0035701177190582477,2023,0.9917073,BEL
Belgium,0.004644665922672619,2024,1.2901953,BEL
Brazil,3.044008351933185,2000,845.56464,BRA
Brazil,2.6639390884872927,2001,739.989,BRA
Brazil,2.82170854633163,2002,783.8142,BRA
Brazil,2.997843977248182,2003,832.7411,BRA
Brazil,3.129701022391821,2004,869.36835,BRA
Brazil,3.265684714522284,2005,907.1419,BRA
Brazil,3.3574587803297575,2006,932.6349,BRA
Brazil,3.5809673122615022,2007,994.7211,BRA
Brazil,3.510269997840018,2008,975.0828,BRA
Brazil,3.6943455252357986,2009,1026.2153,BRA
Brazil,3.780811793505652,2010,1050.2339,BRA
Brazil,3.994782921736627,2011,1109.6708,BRA
Brazil,3.853659370725034,2012,1070.4695,BRA
Brazil,3.599897580819354,2013,999.97955,BRA
Brazil,3.4207882496940027,2014,950.22656,BRA
Brazil,3.2786420908632734,2015,910.7412,BRA
Brazil,3.4453981568147456,2016,957.0627,BRA
Brazil,3.338131614947081,2017,927.2662,BRA
Brazil,3.483295053639571,2018,967.5897,BRA
Brazil,3.545410396716827,2019,984.8441,BRA
Brazil,3.5233602131182957,2020,978.719,BRA
Brazil,3.2170838073295416,2021,893.64154,BRA
Brazil,3.7778785369717047,2022,1049.4191,BRA
Brazil,3.740423716610267,2023,1039.0149,BRA
Brazil,3.628193750449997,2024,1007.83966,BRA
Bulgaria,0.026309789761681912,2000,7.3083334,BGR
Bulgaria,0.016418655050759595,2001,4.560774,BGR
Bulgaria,0.02086996904024768,2002,5.79726,BGR
Bulgaria,0.029378511771905823,2003,8.160763,BGR
Bulgaria,0.03062230542155663,2004,8.506264,BGR
Bulgaria,0.04158768089855281,2005,11.552226,BGR
Bulgaria,0.040552365181078555,2006,11.264636,BGR
Bulgaria,0.027094064727482183,2007,7.5261893,BGR
Bulgaria,0.026526848585211323,2008,7.368628,BGR
Bulgaria,0.032425361797105624,2009,9.007117,BGR
Bulgaria,0.04716844265245878,2010,13.10245,BGR
Bulgaria,0.02678137014903881,2011,7.439329,BGR
Bulgaria,0.029482982936136513,2012,8.189783,BGR
Bulgaria,0.037161073511411916,2013,10.322603,BGR
Bulgaria,0.04215198718410253,2014,11.708979,BGR
Bulgaria,0.051534653322773426,2015,14.315296,BGR
Bulgaria,0.03509376484988121,2016,9.748346,BGR
Bulgaria,0.025452724098207216,2017,7.0702577,BGR
Bulgaria,0.04608838649290806,2018,12.802432,BGR
Bulgaria,0.026104235366117074,2019,7.2512345,BGR
Bulgaria,0.025070005039959684,2020,6.963946,BGR
Bulgaria,0.04273152494780042,2021,11.869963,BGR
Bulgaria,0.033640528475772195,2022,9.344666,BGR
Bulgaria,0.027044844841241273,2023,7.512517,BGR
Bulgaria,0.025265076679386565,2024,7.018133,BGR
Canada,3.567572179422565,2000,991.0002,CAN
Canada,3.2968678810569516,2001,915.80396,CAN
Canada,3.444872741018072,2002,956.91675,CAN
Canada,3.297253581971345,2003,915.9111,CAN
Canada,3.3014209086327315,2004,917.0687,CAN
Canada,3.5027694578443374,2005,972.9993,CAN
Canada,3.396748866009072,2006,943.5489,CAN
Canada,3.519751961984304,2007,977.7167,CAN
Canada,3.5856065951472393,2008,996.0098,CAN
Canada,3.4836327309381527,2009,967.6835,CAN
Canada,3.2942062063503497,2010,915.0646,CAN
Canada,3.504130966952265,2011,973.3775,CAN
Canada,3.5282235942112465,2012,980.06995,CAN
Canada,3.6072345021239833,2013,1002.0176,CAN
Canada,3.5038013895888835,2014,973.28595,CAN
Canada,3.4832525739794087,2015,967.5779,CAN
Canada,3.486295629634963,2016,968.4232,CAN
Canada,3.5512579739362087,2017,986.46844,CAN
Canada,3.4557390740874077,2018,959.9352,CAN
Canada,3.401886384908921,2019,944.976,CAN
Canada,3.435925768593852,2020,954.43146,CAN
Canada,3.3909727122183027,2021,941.9444,CAN
Canada,3.517934696522428,2022,977.2119,CAN
Canada,3.1674112607099145,2023,879.8435,CAN
Canada,3.013415652674779,2024,837.0666,CAN
Chile,0.19080845633234936,2000,53.002773,CHL
Chile,0.21560050039599685,2001,59.889507,CHL
Chile,0.22869187126502988,2002,63.526028,CHL
Chile,0.22171702066383472,2003,61.588554,CHL
Chile,0.20457728058175537,2004,56.827477,CHL
Chile,0.2475028439772482,2005,68.75134,CHL
Chile,0.2715865433076536,2006,75.44131,CHL
Chile,0.21384270285837717,2007,59.401226,CHL
Chile,0.23049452804377568,2008,64.02677,CHL
Chile,0.23791282669738642,2009,66.087425,CHL
Chile,0.2039934300525596,2010,56.665295,CHL
Chile,0.19128349773201817,2011,53.13473,CHL
Chile,0.18706882424940602,2012,51.963978,CHL
Chile,0.18328742170062642,2013,50.91358,CHL
Chile,0.2110982576139391,2014,58.638874,CHL
Chile,0.21528290373677011,2015,59.801285,CHL
Chile,0.1781056591547268,2016,49.47419,CHL
Chile,0.19193004175966594,2017,53.314327,CHL
Chile,0.2092529807761538,2018,58.126293,CHL
Chile,0.19105088199294407,2019,53.070114,CHL
Chile,0.1930734034127727,2020,53.63193,CHL
Chile,0.16024548203614372,2021,44.51299,CHL
Chile,0.18033251493988048,2022,50.092766,CHL
Chile,0.20533200734394128,2023,57.037125,CHL
Chile,0.23253904528763772,2024,64.594696,CHL
China,2.224082151342789,2000,617.80554,CHN
China,2.7589502483980133,2001,766.3812,CHN
China,2.840229174166607,2002,788.95886,CHN
China,2.7826697386420913,2003,772.97,CHN
China,3.4491824465404277,2004,958.1139,CHN
China,3.8420692634458926,2005,1067.25,CHN
China,4.194697962416301,2006,1165.2032,CHN
China,4.646107711138312,2007,1290.5958,CHN
China,6.050231478148175,2008,1680.6333,CHN
China,5.817061703506372,2009,1615.8634,CHN
China,6.669163366693066,2010,1852.5602,CHN
China,6.416948304413565,2011,1782.4999,CHN
China,8.005241558067535,2012,2223.696,CHN
China,8.374879400964792,2013,2326.374,CHN
China,9.70702102383181,2014,2696.4163,CHN
China,10.157527179782562,2015,2821.5579,CHN
China,10.431481748146016,2016,2897.657,CHN
China,10.485500755993954,2017,2912.6624,CHN
China,10.736215710274319,2018,2982.306,CHN
China,11.3393563251494,2019,3149.8464,CHN
China,11.7484304125567,2020,3263.479,CHN
China,11.527001583987328,2021,3201.9705,CHN
China,11.482068543451653,2022,3189.489,CHN
China,10.764752681978546,2023,2990.233,CHN
China,11.890918352653179,2024,3303.0593,CHN
Colombia,0.3081546907624739,2000,85.59921,COL
Colombia,0.31457639138886895,2001,87.38303,COL
Colombia,0.3350245158038736,2002,93.06311,COL
Colombia,0.3548606451148391,2003,98.57319,COL
Colombia,0.37394880840953276,2004,103.8755,COL
Colombia,0.3795539275685795,2005,105.43249,COL
Colombia,0.4096448628410973,2006,113.79115,COL
Colombia,0.4235900712794298,2007,117.66485,COL
Colombia,0.43846396428828577,2008,121.79652,COL
Colombia,0.3858617611059112,2009,107.18468,COL
Colombia,0.3802231442148463,2010,105.618385,COL
Colombia,0.45165161278709776,2011,125.459785,COL
Colombia,0.44147624019007853,2012,122.63327,COL
Colombia,0.4084520699834402,2013,113.459816,COL
Colombia,0.4098467492260062,2014,113.84723,COL
Colombia,0.4072242206062352,2015,113.118744,COL
Colombia,0.42320397436820506,2016,117.5576,COL
Colombia,0.5159454244366046,2017,143.31932,COL
Colombia,0.5073204694362446,2018,140.92348,COL
Colombia,0.48507826337389304,2019,134.74504,COL
Colombia,0.4429951040391677,2020,123.05518,COL
Colombia,0.5364176326589388,2021,149.00609,COL
Colombia,0.5690721434228527,2022,158.07686,COL
Colombia,0.5253720570235438,2023,145.93785,COL
Colombia,0.4784865721074231,2024,132.914,COL
Croatia,0.06452847577219382,2000,17.92472,HRV
Croatia,0.07140672474620205,2001,19.83536,HRV
Croatia,0.057711977104183174,2002,16.031233,HRV
Croatia,0.05353656850745194,2003,14.871388,HRV
Croatia,0.07440525955792354,2004,20.668293,HRV
Croatia,0.06808493772049824,2005,18.912634,HRV
Croatia,0.06369253725970193,2006,17.692513,HRV
Croatia,0.04499772841817266,2007,12.499469,HRV
Croatia,0.05490193678450573,2008,15.25066,HRV
Croatia,0.0700000791993664,2009,19.444622,HRV
Croatia,0.08555745914032689,2010,23.766151,HRV
Croatia,0.04692913816689467,2011,13.035976,HRV
Croatia,0.0448780941752466,2012,12.466237,HRV
Croatia,0.07938075095399237,2013,22.050385,HRV
Croatia,0.08249814241486068,2014,22.916334,HRV
Croatia,0.05824330405356758,2015,16.178825,HRV
Croatia,0.061978292173662616,2016,17.21633,HRV
Croatia,0.04776621787025704,2017,13.2685,HRV
Croatia,0.06896272949816402,2018,19.156467,HRV
Croatia,0.05191532507739939,2019,14.421039,HRV
Croatia,0.050332039743682055,2020,13.981234,HRV
Croatia,0.06320077759377925,2021,17.555912,HRV
Croatia,0.04829179926560588,2022,13.414496,HRV
Croatia,0.07165259557923537,2023,19.903658,HRV
Croatia,0.059413561091511274,2024,16.503899,HRV
Cyprus,0.0,2000,0.0,CYP
Cyprus,0.0,2001,0.0,CYP
Cyprus,0.0,2002,0.0,CYP
Cyprus,0.0,2003,0.0,CYP
Cyprus,0.0,2004,0.0,CYP
Cyprus,0.0,2005,0.0,CYP
Cyprus,0.0,2006,0.0,CYP
Cyprus,0.0,2007,0.0,CYP
Cyprus,0.0,2008,0.0,CYP
Cyprus,0.0,2009,0.0,CYP
Cyprus,0.0,2010,0.0,CYP
Cyprus,0.0,2011,0.0,CYP
Cyprus,0.0,2012,0.0,CYP
Cyprus,0.0,2013,0.0,CYP
Cyprus,0.0,2014,0.0,CYP
Cyprus,0.0,2015,0.0,CYP
Cyprus,0.0,2016,0.0,CYP
Cyprus,0.0,2017,0.0,CYP
Cyprus,0.0,2018,0.0,CYP
Cyprus,0.0,2019,0.0,CYP
Cyprus,0.0,2020,0.0,CYP
Cyprus,0.0,2021,0.0,CYP
Cyprus,0.0,2022,0.0,CYP
Cyprus,0.0,2023,0.0,CYP
Cyprus,0.0,2024,0.0,CYP
Czechia,0.017579858161134714,2000,4.883333,CZE
Czechia,0.020426355389156887,2001,5.674033,CZE
Czechia,0.024578433652530783,2002,6.8273973,CZE
Czechia,0.013566103751169992,2003,3.7683923,CZE
Czechia,0.01969935560515516,2004,5.472087,CZE
Czechia,0.02303120203038376,2005,6.3976073,CZE
Czechia,0.024548144574843403,2006,6.8189836,CZE
Czechia,0.02000482036143711,2007,5.556939,CZE
Czechia,0.019228356973144217,2008,5.341253,CZE
Czechia,0.022956730866153074,2009,6.3769207,CZE
Czechia,0.026151108791129675,2010,7.264255,CZE
Czechia,0.01830777449780402,2011,5.0855336,CZE
Czechia,0.019754775721794227,2012,5.4874816,CZE
Czechia,0.02517684498524012,2013,6.993624,CZE
Czechia,0.01749386564907481,2014,4.859446,CZE
Czechia,0.016362888976888187,2015,4.5452833,CZE
Czechia,0.018103776369789045,2016,5.028867,CZE
Czechia,0.016825671394628847,2017,4.673835,CZE
Czechia,0.01457467420260638,2018,4.048553,CZE
Czechia,0.017898936928504576,2019,4.9719667,CZE
Czechia,0.019059892720858236,2020,5.294457,CZE
Czechia,0.02137136582907337,2021,5.936538,CZE
Czechia,0.018585091439268488,2022,5.1625667,CZE
Czechia,0.02074793361653107,2023,5.763361,CZE
Czechia,0.023323218014255888,2024,6.4787235,CZE
Denmark,0.00030199758801929583,2000,0.08388889,DNK
Denmark,0.0002744729462164303,2001,0.076243095,DNK
Denmark,0.0003136413348693211,2002,0.08712329,DNK
Denmark,0.00020795472316221473,2003,0.057765663,DNK
Denmark,0.00025853452372381024,2004,0.07181572,DNK
Denmark,0.000217740200878393,2005,0.060483873,DNK
Denmark,0.0002252388220894233,2006,0.06256684,DNK
Denmark,0.00026999784001727987,2007,0.075,DNK
Denmark,0.0002450639930880553,2008,0.068073876,DNK
Denmark,0.00017858124055007563,2009,0.049606297,DNK
Denmark,0.00019351406508747932,2010,0.053754337,DNK
Denmark,0.00015733035135718915,2011,0.043703225,DNK
Denmark,0.00016213787889696884,2012,0.04503866,DNK
Denmark,0.00012355399956800347,2013,0.03432083,DNK
Denmark,0.0001383449420404637,2014,0.038429458,DNK
Denmark,0.0001643278025775794,2015,0.045646977,DNK
Denmark,0.0001743202174382605,2016,0.04842267,DNK
Denmark,0.00016084870761033911,2017,0.044680554,DNK
Denmark,0.00013308350853193175,2018,0.036967937,DNK
Denmark,0.00015108294333645333,2019,0.04196782,DNK
Denmark,0.00015167877456980343,2020,0.04213333,DNK
Denmark,0.00014447766937864497,2021,0.040133007,DNK
Denmark,0.00013218174454604365,2022,0.036717445,DNK
Denmark,0.00017234203326373391,2023,0.04787317,DNK
Denmark,0.00017134102527179785,2024,0.04759511,DNK
Ecuador,0.07611170710634316,2000,21.14231,ECU
Ecuador,0.07031532147742818,2001,19.53219,ECU
Ecuador,0.07421124631002952,2002,20.6144,ECU
Ecuador,0.07043404132766938,2003,19.565168,ECU
Ecuador,0.07230868673050615,2004,20.085907,ECU
Ecuador,0.06660565555475557,2005,18.501719,ECU
Ecuador,0.06862558499532005,2006,19.062815,ECU
Ecuador,0.08653005255957953,2007,24.036318,ECU
Ecuador,0.10727090503275975,2008,29.797712,ECU
Ecuador,0.0871685038519692,2009,24.213667,ECU
Ecuador,0.08096560947512421,2010,22.490627,ECU
Ecuador,0.1038310785513716,2011,28.842197,ECU
Ecuador,0.1135449780401757,2012,31.540524,ECU
Ecuador,0.10163542371661027,2013,28.232288,ECU
Ecuador,0.10495698034415725,2014,29.15495,ECU
Ecuador,0.11935745194038448,2015,33.155113,ECU
Ecuador,0.14321954064367487,2016,39.783524,ECU
Ecuador,0.18079603643170855,2017,50.221523,ECU
Ecuador,0.1851746454028368,2018,51.437813,ECU
Ecuador,0.2195715062279502,2019,60.992573,ECU
Ecuador,0.21629391244870044,2020,60.082123,ECU
Ecuador,0.22676812585499317,2021,62.99165,ECU
Ecuador,0.2179013967888257,2022,60.52865,ECU
Ecuador,0.22257225142198866,2023,61.82612,ECU
Ecuador,0.19856413708690332,2024,55.157146,ECU
Egypt,0.14177885376916988,2000,39.38333,EGY
Egypt,0.14333753329973362,2001,39.8163,EGY
Egypt,0.13802683778529773,2002,38.341095,EGY
Egypt,0.12692105263157896,2003,35.25613,EGY
Egypt,0.12518436172510622,2004,34.773712,EGY
Egypt,0.12236030671754627,2005,33.989246,EGY
Egypt,0.12305837353301174,2006,34.183155,EGY
Egypt,0.13612391100871193,2007,37.8125,EGY
Egypt,0.14339093887248905,2008,39.831135,EGY
Egypt,0.1301328137374901,2009,36.148293,EGY
Egypt,0.12144746202030385,2010,33.735676,EGY
Egypt,0.12114928000575997,2011,33.652847,EGY
Egypt,0.12087274101807188,2012,33.57603,EGY
Egypt,0.12186960904312766,2013,33.85294,EGY
Egypt,0.12446006551947585,2014,34.572517,EGY
Egypt,0.12470938512491901,2015,34.641773,EGY
Egypt,0.11937342501259993,2016,33.15955,EGY
Egypt,0.11509107927136583,2017,31.97,EGY
Egypt,0.11573191014471886,2018,32.14801,EGY
Egypt,0.11691886384908921,2019,32.477722,EGY
Egypt,0.12515011879904964,2020,34.7642,EGY
Egypt,0.1321482108143135,2021,36.70813,EGY
Egypt,0.13008986968104255,2022,36.136364,EGY
Egypt,0.13216284829721364,2023,36.712196,EGY
Egypt,0.12619831161350709,2024,35.055367,EGY
Estonia,4.999959680322558e-05,2000,0.013888888,EST
Estonia,7.35905752753978e-05,2001,0.02044199,EST
Estonia,5.523243214054288e-05,2002,0.015342465,EST
Estonia,0.00012555757073943408,2003,0.034877382,EST
Estonia,0.00021853484052127586,2004,0.060704608,EST
Estonia,0.00020806285549715604,2005,0.0577957,EST
Estonia,0.0001299454820361437,2006,0.036096256,EST
Estonia,0.0002106366189070488,2007,0.05851064,EST
Estonia,0.00026596094031247755,2008,0.07387863,EST
Estonia,0.00030235978112175103,2009,0.0839895,EST
Estonia,0.0002531229750161999,2010,0.0703125,EST
Estonia,0.00027979048167614664,2011,0.0777202,EST
Estonia,0.00038968759449924405,2012,0.10824742,EST
Estonia,0.00023938426092591261,2013,0.06649616,EST
Estonia,0.00024732626538987693,2014,0.06870229,EST
Estonia,0.00024607397940816473,2015,0.06835443,EST
Estonia,0.0003165803873569012,2016,0.0879397,EST
Estonia,0.00023399812801497592,2017,0.065,EST
Estonia,0.00013432727338181296,2018,0.03731343,EST
Estonia,0.00016930556555547557,2019,0.0470297,EST
Estonia,0.00026666453668370654,2020,0.074074075,EST
Estonia,0.00020393925768593855,2021,0.056650247,EST
Estonia,0.00020343817409460726,2022,0.056511056,EST
Estonia,0.00021073002015983876,2023,0.058536585,EST
Estonia,0.0002780243718050256,2024,0.07722961,EST
Finland,0.14659881920944634,2000,40.72222,FIN
Finland,0.13131938944488444,2001,36.4779,FIN
Finland,0.10628298293613653,2002,29.523287,FIN
Finland,0.09407989056087553,2003,26.133512,FIN
Finland,0.14701946144430847,2004,40.839066,FIN
Finland,0.13339248326013395,2005,37.053764,FIN
Finland,0.11063357333141337,2006,30.731794,FIN
Finland,0.13573813089495285,2007,37.705338,FIN
Finland,0.16254136366909067,2008,45.15074,FIN
Finland,0.1198670350637195,2009,33.296665,FIN
Finland,0.12114273165814674,2010,33.651028,FIN
Finland,0.1160667794657643,2011,32.24103,FIN
Finland,0.15642365541075673,2012,43.451363,FIN
Finland,0.1182061235510116,2013,32.835297,FIN
Finland,0.12272003023975811,2014,34.08917,FIN
Finland,0.15282740298077616,2015,42.452396,FIN
Finland,0.14290552595579237,2016,39.696297,FIN
Finland,0.13294215926272593,2017,36.928673,FIN
Finland,0.11911340629274968,2018,33.087322,FIN
Finland,0.1106766145870833,2019,30.74375,FIN
Finland,0.14118411692706462,2020,39.218124,FIN
Finland,0.1400187558499532,2021,38.89441,FIN
Finland,0.11933648930808555,2022,33.14929,FIN
Finland,0.13346573547411622,2023,37.074112,FIN
Finland,0.12571674346605227,2024,34.921597,FIN
France,0.663624667002664,2000,184.34166,FRA
France,0.7385708834329326,2001,205.16022,FRA
France,0.5956916264669883,2002,165.47122,FRA
France,0.5781828065375477,2003,160.60762,FRA
France,0.5810197998416013,2004,161.39568,FRA
France,0.4981895024839802,2005,138.38708,FRA
France,0.5419497084023328,2006,150.54279,FRA
France,0.5515232558139536,2007,153.20213,FRA
France,0.604624163006696,2008,167.9525,FRA
France,0.5385216718266255,2009,149.59055,FRA
France,0.5879390164878682,2010,163.3177,FRA
France,0.41827332781337756,2011,116.187965,FRA
France,0.5453887248902008,2012,151.49808,FRA
France,0.6522512779897761,2013,181.18236,FRA
France,0.5755257757937937,2014,159.86955,FRA
France,0.49722399020807834,2015,138.11888,FRA
France,0.5420165958672332,2016,150.56137,FRA
France,0.4406765425876593,2017,122.41113,FRA
France,0.5723754409964721,2018,158.99445,FRA
France,0.4992528259773922,2019,138.68245,FRA
France,0.5484738282093744,2020,152.35506,FRA
France,0.5200723594211247,2021,144.4657,FRA
France,0.39157574339405293,2022,108.77191,FRA
France,0.48925077399380806,2023,135.90408,FRA
France,0.6226009791921665,2024,172.9461,FRA
Germany,0.2489979984160127,2000,69.166664,DEU
Germany,0.23071639426884585,2001,64.0884,DEU
Germany,0.23375156598747213,2002,64.93151,DEU
Germany,0.17971601987184102,2003,49.921516,DEU
Germany,0.20239567283461732,2004,56.22147,DEU
Germany,0.19004363165094681,2005,52.79032,DEU
Germany,0.19281022031823747,2006,53.558823,DEU
Germany,0.20268986968104258,2007,56.303192,DEU
Germany,0.19417998416012672,2008,53.939316,DEU
Germany,0.17981902944776443,2009,49.95013,DEU
Germany,0.19643278853769172,2010,54.5651,DEU
Germany,0.1648059255525956,2011,45.77979,DEU
Germany,0.20184888760889916,2012,56.069584,DEU
Germany,0.21174459284325728,2013,58.818413,DEU
Germany,0.179421466628267,2014,49.839695,DEU
Germany,0.17295353877168984,2015,48.043034,DEU
Germany,0.1858417308661531,2016,51.623116,DEU
Germany,0.1813485492116063,2017,50.375,DEU
Germany,0.15844351645186838,2018,44.01244,DEU
Germany,0.17581938944488446,2019,48.83911,DEU
Germany,0.16286091871265032,2020,45.239506,DEU
Germany,0.17430082079343368,2021,48.417282,DEU
Germany,0.15588823889408887,2022,43.302635,DEU
Germany,0.17468973288213696,2023,48.525314,DEU
Germany,0.19503940888472893,2024,54.178047,DEU
Greece,0.036929703362373105,2000,10.258333,GRC
Greece,0.020853976528187778,2001,5.7928176,GRC
Greece,0.027616216790265682,2002,7.6712327,GRC
Greece,0.04675057599539204,2003,12.986375,GRC
Greece,0.04558088775289798,2004,12.661459,GRC
Greece,0.04855603355173159,2005,13.487895,GRC
Greece,0.056452642378860975,2006,15.681415,GRC
Greece,0.024811290589675284,2007,6.8920803,GRC
Greece,0.031462113903088784,2008,8.739546,GRC
Greece,0.0505749478004176,2009,14.048709,GRC
Greece,0.07007524659802722,2010,19.465502,GRC
Greece,0.03740953272373821,2011,10.39162,GRC
Greece,0.040755061559507526,2012,11.320941,GRC
Greece,0.058436654906760754,2013,16.232534,GRC
Greece,0.04102247102023184,2014,11.395222,GRC
Greece,0.0555780329757362,2015,15.438466,GRC
Greece,0.05013401252789978,2016,13.926226,GRC
Greece,0.03566263589891281,2017,9.906367,GRC
Greece,0.05143344733242135,2018,14.287183,GRC
Greece,0.035639696882424944,2019,9.899995,GRC
Greece,0.029721427028583772,2020,8.256018,GRC
Greece,0.05234534883720931,2021,14.540491,GRC
Greece,0.03409970480236158,2022,9.472216,GRC
Greece,0.033500169198646415,2023,9.305677,GRC
Greece,0.028258341133270935,2024,7.849602,GRC
Hong Kong,0.0,2000,0.0,HKG
Hong Kong,0.0,2001,0.0,HKG
Hong Kong,0.0,2002,0.0,HKG
Hong Kong,0.0,2003,0.0,HKG
Hong Kong,0.0,2004,0.0,HKG
Hong Kong,0.0,2005,0.0,HKG
Hong Kong,0.0,2006,0.0,HKG
Hong Kong,0.0,2007,0.0,HKG
Hong Kong,0.0,2008,0.0,HKG
Hong Kong,0.0,2009,0.0,HKG
Hong Kong,0.0,2010,0.0,HKG
Hong Kong,0.0,2011,0.0,HKG
Hong Kong,0.0,2012,0.0,HKG
Hong Kong,0.0,2013,0.0,HKG
Hong Kong,0.0,2014,0.0,HKG
Hong Kong,0.0,2015,0.0,HKG
Hong Kong,0.0,2016,0.0,HKG
Hong Kong,0.0,2017,0.0,HKG
Hong Kong,0.0,2018,0.0,HKG
Hong Kong,0.0,2019,0.0,HKG
Hong Kong,0.0,2020,0.0,HKG
Hong Kong,0.0,2021,0.0,HKG
Hong Kong,0.0,2022,0.0,HKG
Hong Kong,0.0,2023,0.0,HKG
Hong Kong,0.0,2024,0.0,HKG
Hungary,0.0017799857081143352,2000,0.49444443,HUN
Hungary,0.0018497091223270217,2001,0.5138122,HUN
Hungary,0.0019134093167254664,2002,0.53150684,HUN
Hungary,0.0016773707970336239,2003,0.46594006,HUN
Hungary,0.0019999841601267194,2004,0.5555556,HUN
Hungary,0.001954823241414069,2005,0.5430108,HUN
Hungary,0.001790359997120023,2006,0.4973262,HUN
Hungary,0.002010622291021672,2007,0.55851066,HUN
Hungary,0.002023202894376845,2008,0.5620053,HUN
Hungary,0.002154313305493556,2009,0.59842515,HUN
Hungary,0.0017624857801137592,2010,0.4895833,HUN
Hungary,0.002070449636402909,2011,0.5751295,HUN
Hungary,0.0019762726978184175,2012,0.54896903,HUN
Hungary,0.0019611095111239114,2013,0.544757,HUN
Hungary,0.0027572298221614226,2014,0.7659033,HUN
Hungary,0.002132640938872489,2015,0.592405,HUN
Hungary,0.002342694938440493,2016,0.6507538,HUN
Hungary,0.0019799841601267193,2017,0.55,HUN
Hungary,0.001988043775649795,2018,0.5522388,HUN
Hungary,0.001951469508243934,2019,0.5420792,HUN
Hungary,0.002168871589027288,2020,0.60246915,HUN
Hungary,0.0018797879616963067,2021,0.5221675,HUN
Hungary,0.00157443455252358,2022,0.43734643,HUN
Hungary,0.0019492527539779682,2023,0.54146343,HUN
Hungary,0.002030576895384837,2024,0.56405365,HUN
Iceland,0.06350437036503709,2000,17.640244,ISL
Iceland,0.06536230830153358,2001,18.156342,ISL
Iceland,0.0687513859889121,2002,19.09776,ISL
Iceland,0.06947186262509901,2003,19.297894,ISL
Iceland,0.06957889336885306,2004,19.327625,ISL
Iceland,0.06788931888544891,2005,18.858295,ISL
Iceland,0.0701609043127655,2006,19.489296,ISL
Iceland,0.08036491108071137,2007,22.323765,ISL
Iceland,0.11804327165382678,2008,32.79006,ISL
Iceland,0.11602435020519837,2009,32.229244,ISL
Iceland,0.1180498236014112,2010,32.79188,ISL
Iceland,0.11664314925480597,2011,32.401134,ISL
Iceland,0.11446173230614155,2012,31.79518,ISL
Iceland,0.1184293217654259,2013,32.897297,ISL
Iceland,0.11791980704154367,2014,32.755764,ISL
Iceland,0.12559587803297573,2015,34.888023,ISL
Iceland,0.12183455972352222,2016,33.843204,ISL
Iceland,0.12652748578011377,2017,35.146805,ISL
Iceland,0.12369568723450214,2018,34.360188,ISL
Iceland,0.11995268557851538,2019,33.320457,ISL
Iceland,0.11694992440060481,2020,32.48635,ISL
Iceland,0.12239902080783355,2021,34.0,ISL
Iceland,0.12556310749514005,2022,34.87892,ISL
Iceland,0.12491015911872706,2023,34.697544,ISL
Iceland,0.11924017567859457,2024,33.122536,ISL
India,0.7698974008207935,2000,213.8621,IND
India,0.7162447620419038,2001,198.95847,IND
India,0.6760537835697314,2002,187.79422,IND
India,0.6797391820865434,2003,188.81795,IND
India,0.9818068255453957,2004,272.7263,IND
India,0.9427665778673773,2005,261.8817,IND
India,1.0840083519331847,2006,301.11584,IND
India,1.1739457844337247,2007,326.09866,IND
India,1.0939449924400606,2008,303.87604,IND
India,1.0047606739146087,2009,279.10242,IND
India,1.019467708258334,2010,283.18774,IND
India,1.228323277413781,2011,341.20364,IND
India,1.0742051263589891,2012,298.3927,IND
India,1.2151791345669236,2013,337.55246,IND
India,1.2732381740946073,2014,353.6801,IND
India,1.2164720282237744,2015,337.9116,IND
India,1.1627964576283392,2016,323.0016,IND
India,1.2238020015839874,2017,339.94772,IND
India,1.2530273957808338,2018,348.06595,IND
India,1.4460957232342142,2019,401.69647,IND
India,1.4572431420548637,2020,404.793,IND
India,1.423717762257902,2021,395.48032,IND
India,1.5486652386780906,2022,430.18823,IND
India,1.312091295269638,2023,364.47272,IND
India,1.3743827129382966,2024,381.77603,IND
Indonesia,0.10015919072647421,2000,27.82222,IDN
Indonesia,0.11590515155878756,2001,32.196133,IDN
Indonesia,0.09796852545179639,2002,27.213697,IDN
Indonesia,0.08925377996976025,2003,24.792915,IDN
Indonesia,0.0943797357621139,2004,26.216803,IDN
Indonesia,0.10378949168406654,2005,28.830645,IDN
Indonesia,0.09262706458348335,2006,25.729946,IDN
Indonesia,0.10805658794729643,2007,30.015959,IDN
Indonesia,0.10950228598171216,2008,30.417545,IDN
Indonesia,0.10756307149542804,2009,29.87887,IDN
Indonesia,0.16365075959392328,2010,45.458908,IDN
Indonesia,0.11582300021599828,2011,32.173313,IDN
Indonesia,0.11875367557059543,2012,32.987396,IDN
Indonesia,0.15580951112391103,2013,43.280766,IDN
Indonesia,0.1388809345525236,2014,38.578346,IDN
Indonesia,0.12522913816689468,2015,34.78615,IDN
Indonesia,0.16893533371733027,2016,46.926857,IDN
Indonesia,0.16769015047879618,2017,46.58097,IDN
Indonesia,0.19375707394340846,2018,53.82184,IDN
Indonesia,0.1885618403052776,2019,52.378708,IDN
Indonesia,0.21622049823601414,2020,60.06173,IDN
Indonesia,0.21898642810857516,2021,60.83005,IDN
Indonesia,0.2414280365757074,2022,67.06388,IDN
Indonesia,0.2159104687162503,2023,59.97561,IDN
Indonesia,0.23256433148534814,2024,64.60172,IDN
Iran,0.03780969472244222,2000,10.502777,IRN
Iran,0.040991943264453885,2001,11.386742,IRN
Iran,0.07902183742530061,2002,21.950686,IRN
Iran,0.09405047159622724,2003,26.12534,IRN
Iran,0.11641857945136438,2004,32.338753,IRN
Iran,0.13981822665418678,2005,38.838707,IRN
Iran,0.17816006911944704,2006,49.489304,IRN
Iran,0.1719464972280222,2007,47.763298,IRN
Iran,0.07065062279501766,2008,19.62533,IRN
Iran,0.06352389660882714,2009,17.645668,IRN
Iran,0.09611172870617035,2010,26.697916,IRN
Iran,0.09964272805817555,2011,27.678757,IRN
Iran,0.1159970120239038,2012,32.22165,IRN
Iran,0.13464444884440926,2013,37.401535,IRN
Iran,0.13285999712002305,2014,36.90585,IRN
Iran,0.12077675138598892,2015,33.549366,IRN
Iran,0.13949436604507165,2016,38.748745,IRN
Iran,0.15508675930592555,2017,43.08,IRN
Iran,0.08810078839369286,2018,24.472637,IRN
Iran,0.301764921880625,2019,83.82426,IRN
Iran,0.20626501187990498,2020,57.296295,IRN
Iran,0.122602966376269,2021,34.056652,IRN
Iran,0.12386730506155952,2022,34.40786,IRN
Iran,0.20032777737778099,2023,55.64705,IRN
Iran,0.16571502627978976,2024,46.03232,IRN
Iraq,0.031965512275901796,2000,8.87938,IRQ
Iraq,0.03680529195766435,2001,10.223774,IRQ
Iraq,0.04497537619699043,2002,12.49326,IRQ
Iraq,0.0466515047879617,2003,12.958855,IRQ
Iraq,0.05609636402908777,2004,15.582448,IRQ
Iraq,0.04735915832673339,2005,13.155427,IRQ
Iraq,0.0480390128878969,2006,13.344277,IRQ
Iraq,0.04371964144286846,2007,12.144442,IRQ
Iraq,0.02785024947800418,2008,7.7362423,IRQ
Iraq,0.026741926704586364,2009,7.4283724,IRQ
Iraq,0.03389102887176903,2010,9.41425,IRQ
Iraq,0.03170501115991072,2011,8.807018,IRQ
Iraq,0.04079573763409893,2012,11.33224,IRQ
Iraq,0.04243289293685651,2013,11.787009,IRQ
Iraq,0.025971108071135434,2014,7.2142544,IRQ
Iraq,0.023205114479084167,2015,6.4459167,IRQ
Iraq,0.030493329253365977,2016,8.470437,IRQ
Iraq,0.019584590323277414,2017,5.4402075,IRQ
Iraq,0.01627779897760818,2018,4.521647,IRQ
Iraq,0.044226751385988916,2019,12.285307,IRQ
Iraq,0.03699195046439629,2020,10.275624,IRQ
Iraq,0.029666786665706678,2021,8.24084,IRQ
Iraq,0.023445417236662106,2022,6.512668,IRQ
Iraq,0.012143308373533012,2023,3.3731682,IRQ
Iraq,0.012176577867377062,2024,3.3824098,IRQ
Ireland,0.008459932320541437,2000,2.35,IRL
Ireland,0.00592702462380301,2001,1.6464089,IRL
Ireland,0.008994996040031681,2002,2.49863,IRL
Ireland,0.005865892792857657,2003,1.6294277,IRL
Ireland,0.006146292389660884,2004,1.7073171,IRL
Ireland,0.006108918568651452,2005,1.6969354,IRL
Ireland,0.00697155590755274,2006,1.9365588,IRL
Ireland,0.0063820602635178926,2007,1.7728087,IRL
Ireland,0.009197717618259054,2008,2.554942,IRL
Ireland,0.008520252357981137,2009,2.3667557,IRL
Ireland,0.005617745698034416,2010,1.5604974,IRL
Ireland,0.006590810353517172,2011,1.8307953,IRL
Ireland,0.007444415364677083,2012,2.0679097,IRL
Ireland,0.0055196212830297365,2013,1.5332404,IRL
Ireland,0.006491434948520413,2014,1.8031908,IRL
Ireland,0.007350230038159696,2015,2.0417469,IRL
Ireland,0.006159975880192959,2016,1.7111181,IRL
Ireland,0.006224377204982361,2017,1.7290075,IRL
Ireland,0.006215681834545324,2018,1.7265921,IRL
Ireland,0.007900190078479372,2019,2.1945148,IRL
Ireland,0.008290199798401614,2020,2.3028517,IRL
Ireland,0.006645050039599683,2021,1.845862,IRL
Ireland,0.006202228382172943,2022,1.722855,IRL
Ireland,0.008277747498020016,2023,2.2993927,IRL
Ireland,0.006750473036215711,2024,1.8751464,IRL
Israel,0.0003099975016199871,2000,0.086111106,ISR
Israel,9.94467168262654e-05,2001,0.027624309,ISR
Israel,0.0002071216214270286,2002,0.057534244,ISR
Israel,0.00030408474332205347,2003,0.08446866,ISR
Israel,0.00027316857225142204,2004,0.075880766,ISR
Israel,0.00027096558427532584,2005,0.07526882,ISR
Israel,0.00014438386492908058,2006,0.04010695,ISR
Israel,0.00013404149326805387,2007,0.037234046,ISR
Israel,0.0001519776801785586,2008,0.04221636,ISR
Israel,0.00022676983944128448,2009,0.062992126,ISR
Israel,0.0002906226654186767,2010,0.080729164,ISR
Israel,0.00027046414428684575,2011,0.07512953,ISR
Israel,0.00030618310893512857,2012,0.085051544,ISR
Israel,0.00025503632370941034,2013,0.07084399,ISR
Israel,0.00011633494852041185,2014,0.032315522,ISR
Israel,0.00022328933688530494,2015,0.062025312,ISR
Israel,0.00022956602347181225,2016,0.06376885,ISR
Israel,0.00022190221758225937,2017,0.061639998,ISR
Israel,0.00020585387716898267,2018,0.05718209,ISR
Israel,0.0001964358125134999,2019,0.05456594,ISR
Israel,0.00021256335229318166,2020,0.059045848,ISR
Israel,0.00021099982000144,2021,0.05861153,ISR
Israel,0.00020767975736194112,2022,0.057689283,ISR
Israel,0.00020409418244654045,2023,0.056693282,ISR
Israel,0.00020454556843545256,2024,0.056818668,ISR
Italy,0.44199647202822384,2000,122.77778,ITA
Italy,0.46552005183958534,2001,129.31216,ITA
Italy,0.38977330981352154,2002,108.27123,ITA
Italy,0.359702822377421,2003,99.91825,ITA
Italy,0.41305039959680323,2004,114.73714,ITA
Italy,0.34903268773849816,2005,96.9543,ITA
Italy,0.3560891352869177,2006,98.91444,ITA
Italy,0.31418363453092374,2007,87.27393,ITA
Italy,0.3953604291165671,2008,109.82322,ITA
Italy,0.4642923536611707,2009,128.97113,ITA
Italy,0.479218050255598,2010,133.11719,ITA
Italy,0.4273613651090792,2011,118.71244,ITA
Italy,0.3885278097775218,2012,107.925255,ITA
Italy,0.4858948088415293,2013,134.97186,ITA
Italy,0.5362857297141623,2014,148.96945,ITA
Italy,0.4150219778241775,2015,115.284805,ITA
Italy,0.3838039455684355,2016,106.61306,ITA
Italy,0.32578601771185833,2017,90.49684,ITA
Italy,0.437233494132047,2018,121.45472,ITA
Italy,0.4130743934048528,2019,114.743805,ITA
Italy,0.42340838073295417,2020,117.61438,ITA
Italy,0.4024537187702499,2021,111.793594,ITA
Italy,0.25118068255453957,2022,69.77297,ITA
Italy,0.35575881992944064,2023,98.822685,ITA
Italy,0.48481323349413213,2024,134.67142,ITA
Japan,0.8446732306141552,2000,234.63333,JPN
Japan,0.810858737130103,2001,225.24034,JPN
Japan,0.7949525163798691,2002,220.82191,JPN
Japan,0.9070750233998128,2003,251.9673,JPN
Japan,0.8943050615595076,2004,248.42006,JPN
Japan,0.7505891712866298,2005,208.49866,JPN
Japan,0.8548199654402765,2006,237.45189,JPN
Japan,0.7133854849161207,2007,198.16422,JPN
Japan,0.7139566923464613,2008,198.32289,JPN
Japan,0.6658171934624524,2009,184.9507,JPN
Japan,0.8297064223486214,2010,230.47585,JPN
Japan,0.7693004175966593,2011,213.69627,JPN
Japan,0.7153549571603428,2012,198.7113,JPN
Japan,0.7304127006983945,2013,202.89404,JPN
Japan,0.7484695442436462,2014,207.90987,JPN
Japan,0.7816504427964577,2015,217.12686,JPN
Japan,0.718419252645979,2016,199.5625,JPN
Japan,0.7131851825185399,2017,198.10858,JPN
Japan,0.7253440852473181,2018,201.48608,JPN
Japan,0.6586820505435957,2019,182.9687,JPN
Japan,0.6962804377564981,2020,193.41278,JPN
Japan,0.7060397796817626,2021,196.12373,JPN
Japan,0.6622204622363023,2022,183.9516,JPN
Japan,0.6544151126790987,2023,181.78343,JPN
Japan,0.6975968032255743,2024,193.77844,JPN
Kazakhstan,0.07530989992080064,2000,20.919584,KAZ
Kazakhstan,0.08036427028583772,2001,22.323587,KAZ
Kazakhstan,0.08767697458420333,2002,24.35491,KAZ
Kazakhstan,0.08459971560227518,2003,23.500109,KAZ
Kazakhstan,0.07860099359205128,2004,21.833784,KAZ
Kazakhstan,0.0760249046007632,2005,21.118198,KAZ
Kazakhstan,0.07477226222190224,2006,20.770239,KAZ
Kazakhstan,0.07823625170998633,2007,21.732466,KAZ
Kazakhstan,0.07085796673626611,2008,19.682926,KAZ
Kazakhstan,0.06499888760889913,2009,18.055391,KAZ
Kazakhstan,0.07520586795305638,2010,20.890686,KAZ
Kazakhstan,0.07352262581899345,2011,20.423115,KAZ
Kazakhstan,0.0708606595147239,2012,19.683674,KAZ
Kazakhstan,0.07117780977752178,2013,19.771772,KAZ
Kazakhstan,0.07568944848441213,2014,21.025015,KAZ
Kazakhstan,0.08447802217582259,2015,23.466305,KAZ
Kazakhstan,0.10511159550723595,2016,29.197899,KAZ
Kazakhstan,0.10089085967312261,2017,28.025463,KAZ
Kazakhstan,0.092921664626683,2018,25.81178,KAZ
Kazakhstan,0.08905168838649292,2019,24.736778,KAZ
Kazakhstan,0.08586283029735763,2020,23.850977,KAZ
Kazakhstan,0.08165079559363526,2021,22.680958,KAZ
Kazakhstan,0.0813858269133847,2022,22.607355,KAZ
Kazakhstan,0.07727201022391822,2023,21.464619,KAZ
Kazakhstan,0.09881416948664411,2024,27.4486,KAZ
Kuwait,0.0,2000,0.0,KWT
Kuwait,0.0,2001,0.0,KWT
Kuwait,0.0,2002,0.0,KWT
Kuwait,0.0,2003,0.0,KWT
Kuwait,0.0,2004,0.0,KWT
Kuwait,0.0,2005,0.0,KWT
Kuwait,0.0,2006,0.0,KWT
Kuwait,0.0,2007,0.0,KWT
Kuwait,0.0,2008,0.0,KWT
Kuwait,0.0,2009,0.0,KWT
Kuwait,0.0,2010,0.0,KWT
Kuwait,0.0,2011,0.0,KWT
Kuwait,0.0,2012,0.0,KWT
Kuwait,0.0,2013,0.0,KWT
Kuwait,0.0,2014,0.0,KWT
Kuwait,0.0,2015,0.0,KWT
Kuwait,0.0,2016,0.0,KWT
Kuwait,0.0,2017,0.0,KWT
Kuwait,0.0,2018,0.0,KWT
Kuwait,0.0,2019,0.0,KWT
Kuwait,0.0,2020,0.0,KWT
Kuwait,0.0,2021,0.0,KWT
Kuwait,0.0,2022,0.0,KWT
Kuwait,0.0,2023,0.0,KWT
Kuwait,0.0,2024,0.0,KWT
Latvia,0.028189773921808627,2000,7.8305554,LVA
Latvia,0.028173255813953493,2001,7.825967,LVA
Latvia,0.024302270501835987,2002,6.7506847,LVA
Latvia,0.02222761537907697,2003,6.174387,LVA
Latvia,0.030331463748290016,2004,8.425474,LVA
Latvia,0.03218683850529196,2005,8.94086,LVA
Latvia,0.025969844481244155,2006,7.2139034,LVA
Latvia,0.02616681186550508,2007,7.268617,LVA
Latvia,0.029531161350709195,2008,8.203166,LVA
Latvia,0.03266430268557852,2009,9.07349,LVA
Latvia,0.032999737202102385,2010,9.166667,LVA
Latvia,0.026925173518611855,2011,7.4792747,LVA
Latvia,0.0343296205630355,2012,9.536082,LVA
Latvia,0.026811038591691268,2013,7.4475703,LVA
Latvia,0.018265501475988193,2014,5.073791,LVA
Latvia,0.01702467420260638,2015,4.729114,LVA
Latvia,0.022875194038447694,2016,6.3542714,LVA
Latvia,0.03942526459788322,2017,10.95155,LVA
Latvia,0.021775071639426886,2018,6.0486794,LVA
Latvia,0.018780033479732165,2019,5.2167177,LVA
Latvia,0.023137964216286274,2020,6.4272637,LVA
Latvia,0.024009824321405433,2021,6.669449,LVA
Latvia,0.024322564619483046,2022,6.756322,LVA
Latvia,0.033316909064727486,2023,9.254771,LVA
Latvia,0.028140353157174745,2024,7.8168273,LVA
Lithuania,0.0033929728562171507,2000,0.9425,LTU
Lithuania,0.003236990964072288,2001,0.89917135,LTU
Lithuania,0.003483588307293542,2002,0.96767116,LTU
Lithuania,0.0031889663042695662,2003,0.88583106,LTU
Lithuania,0.004102406220750234,2004,1.1395664,LTU
Lithuania,0.004361578227374182,2005,1.2115592,LTU
Lithuania,0.003822322341421269,2006,1.0617647,LTU
Lithuania,0.004026988984088127,2007,1.118617,LTU
Lithuania,0.00381748938008496,2008,1.0604222,LTU
Lithuania,0.004009101447188424,2009,1.1136482,LTU
Lithuania,0.0050624595003239976,2010,1.40625,LTU
Lithuania,0.004475715314277487,2011,1.2432642,LTU
Lithuania,0.003918215854273166,2012,1.088402,LTU
Lithuania,0.004798733890128879,2013,1.3329923,LTU
Lithuania,0.0036476042191662473,2014,1.0132315,LTU
Lithuania,0.003186202138382893,2015,0.88506323,LTU
Lithuania,0.004105595435236519,2016,1.1404523,LTU
Lithuania,0.00542155662754698,2017,1.506,LTU
Lithuania,0.003859670602635179,2018,1.0721393,LTU
Lithuania,0.003077797177622579,2019,0.8549505,LTU
Lithuania,0.00267108971128231,2020,0.7419753,LTU
Lithuania,0.003402239038087696,2021,0.94507396,LTU
Lithuania,0.004107681978544172,2022,1.1410319,LTU
Lithuania,0.003952944056447549,2023,1.0980488,LTU
Lithuania,0.0038169720642234864,2024,1.0602785,LTU
Luxembourg,0.001235029987760098,2000,0.34306663,LUX
Luxembourg,0.0011737895456836347,2001,0.32605526,LUX
Luxembourg,0.0009836403628770971,2002,0.27323562,LUX
Luxembourg,0.000779045503635971,2003,0.21640326,LUX
Luxembourg,0.0010151918784649723,2004,0.282,LUX
Luxembourg,0.0008994024407804739,2005,0.24983601,LUX
Luxembourg,0.0010714438044495645,2006,0.29762566,LUX
Luxembourg,0.0011173506371949026,2007,0.31037766,LUX
Luxembourg,0.0012548985528115775,2008,0.34858572,LUX
Luxembourg,0.001000045467636259,2009,0.27779263,LUX
Luxembourg,0.001009313845489236,2010,0.2803672,LUX
Luxembourg,0.0005875600475196198,2011,0.16321243,LUX
Luxembourg,0.0009120730434156527,2012,0.25335565,LUX
Luxembourg,0.0010974388004895961,2013,0.30484655,LUX
Luxembourg,0.0009873630210958312,2014,0.2742697,LUX
Luxembourg,0.000904577003383973,2015,0.2512734,LUX
Luxembourg,0.0010439101807185544,2016,0.28997737,LUX
Luxembourg,0.0007708347973216215,2017,0.21412249,LUX
Luxembourg,0.0008308410612715099,2018,0.23079103,LUX
Luxembourg,0.0009527002663978688,2019,0.26464108,LUX
Luxembourg,0.0008142334581323351,2020,0.22617777,LUX
Luxembourg,0.0009470939592483262,2021,0.26308376,LUX
Luxembourg,0.0005668936928504573,2022,0.15747173,LUX
Luxembourg,0.0007780854993160055,2023,0.21613659,LUX
Luxembourg,0.0009519756641946865,2024,0.2644398,LUX
Malaysia,0.06993943408452734,2000,19.427776,MYS
Malaysia,0.06032438260493917,2001,16.756907,MYS
Malaysia,0.053407790337677306,2002,14.835616,MYS
Malaysia,0.049928752969976245,2003,13.869209,MYS
Malaysia,0.054370300237598104,2004,15.102982,MYS
Malaysia,0.05813178774569804,2005,16.147848,MYS
Malaysia,0.06086261069911442,2006,16.906416,MYS
Malaysia,0.05703464972280223,2007,15.843085,MYS
Malaysia,0.07415560515515876,2008,20.598944,MYS
Malaysia,0.06510183598531213,2009,18.083988,MYS
Malaysia,0.05963389732882138,2010,16.565104,MYS
Malaysia,0.07513307653538773,2011,20.870466,MYS
Malaysia,0.08583333213334295,2012,23.842783,MYS
Malaysia,0.10863166174670603,2013,30.175703,MYS
Malaysia,0.12263717330261358,2014,34.066154,MYS
Malaysia,0.1269012635898913,2015,35.250633,MYS
Malaysia,0.1811201598387213,2016,50.311558,MYS
Malaysia,0.24161206710346317,2017,67.115,MYS
Malaysia,0.23574440204478364,2018,65.48508,MYS
Malaysia,0.23342782057743539,2019,64.84158,MYS
Malaysia,0.242655842753258,2020,67.40494,MYS
Malaysia,0.2758056879544964,2021,76.613304,MYS
Malaysia,0.289533818129455,2022,80.426704,MYS
Malaysia,0.2849002087983296,2023,79.13958,MYS
Malaysia,0.30193443012455906,2024,83.871346,MYS
Mexico,0.3307461300309598,2000,91.87466,MEX
Mexico,0.282780041759666,2001,78.55064,MEX
Mexico,0.24520824033407734,2002,68.113945,MEX
Mexico,0.19473396212830302,2003,54.0932,MEX
Mexico,0.24562140542875657,2004,68.228714,MEX
Mexico,0.2681537727698179,2005,74.487755,MEX
Mexico,0.29306531787745704,2006,81.407684,MEX
Mexico,0.2617607459140327,2007,72.7119,MEX
Mexico,0.3725723954208367,2008,103.49316,MEX
Mexico,0.25248938008495936,2009,70.1365,MEX
Mexico,0.34870969832241344,2010,96.86458,MEX
Mexico,0.33823687810497516,2011,93.95544,MEX
Mexico,0.29555947152422785,2012,82.10051,MEX
Mexico,0.25741293829649364,2013,71.504166,MEX
Mexico,0.35625761393908856,2014,98.96124,MEX
Mexico,0.2815402476780186,2015,78.20625,MEX
Mexico,0.27163697890416877,2016,75.45532,MEX
Mexico,0.2778976168190655,2017,77.1944,MEX
Mexico,0.28866115631074957,2018,80.184296,MEX
Mexico,0.2103169990640075,2019,58.421856,MEX
Mexico,0.23837151702786377,2020,66.21484,MEX
Mexico,0.30783443732450144,2021,85.51025,MEX
Mexico,0.3145229318165455,2022,87.36818,MEX
Mexico,0.18095562675498597,2023,50.265854,MEX
Mexico,0.20671657426740586,2024,57.42173,MEX
Morocco,0.007179942400460796,2000,1.9944444,MAR
Morocco,0.008575290877672979,2001,2.3820443,MAR
Morocco,0.008304590683274535,2002,2.3068492,MAR
Morocco,0.01414201706386349,2003,3.9283695,MAR
Morocco,0.015524753401972785,2004,4.312466,MAR
Morocco,0.009335731154150768,2005,2.5932794,MAR
Morocco,0.009457143422852619,2006,2.6270053,MAR
Morocco,0.008636101591187271,2007,2.3989363,MAR
Morocco,0.008698821729426166,2008,2.4163587,MAR
Morocco,0.024267207862337103,2009,6.740945,MAR
Morocco,0.03251036431708546,2010,9.030729,MAR
Morocco,0.018703061055511557,2011,5.1953363,MAR
Morocco,0.015132867737058105,2012,4.203608,MAR
Morocco,0.025641738066095474,2013,7.122762,MAR
Morocco,0.014998964648282813,2014,4.1664124,MAR
Morocco,0.017179609763121897,2015,4.772152,MAR
Morocco,0.011357999136006913,2016,3.155025,MAR
Morocco,0.01066232270141839,2017,2.96178,MAR
Morocco,0.015165038519691842,2018,4.2125444,MAR
Morocco,0.011252413780689755,2019,3.1256955,MAR
Morocco,0.0077122687018503855,2020,2.142314,MAR
Morocco,0.007255867593059256,2021,2.0155349,MAR
Morocco,0.0030976717186262516,2022,0.86047125,MAR
Morocco,0.001429125098999208,2023,0.39698237,MAR
Morocco,0.0012430712074303406,2024,0.34530032,MAR
Netherlands,0.001423918460652315,2000,0.39553607,NLD
Netherlands,0.001166748686010512,2001,0.32409945,NLD
Netherlands,0.0010813327093383254,2002,0.3003726,NLD
Netherlands,0.0007064869321045433,2003,0.19624794,NLD
Netherlands,0.0009339633522931817,2004,0.25943634,NLD
Netherlands,0.0008516060911512709,2005,0.23655914,NLD
Netherlands,0.0010126026351789188,2006,0.28128076,NLD
Netherlands,0.0010244599323205416,2007,0.28457448,NLD
Netherlands,0.0009498604651162792,2008,0.26385224,NLD
Netherlands,0.0009186257469940241,2009,0.25517586,NLD
Netherlands,0.0009765577795377638,2010,0.27126822,NLD
Netherlands,0.0005316019511843906,2011,0.14766839,NLD
Netherlands,0.0009685407156742748,2012,0.26904124,NLD
Netherlands,0.001052480632154943,2013,0.29235807,NLD
Netherlands,0.0010252589099287207,2014,0.28479642,NLD
Netherlands,0.0008448539491684068,2015,0.23468353,NLD
Netherlands,0.0009052299301605588,2016,0.25145477,NLD
Netherlands,0.0005468086255309959,2017,0.1518925,NLD
Netherlands,0.0006478873569011448,2018,0.17997015,NLD
Netherlands,0.0006610223918208655,2019,0.1836188,NLD
Netherlands,0.00040947230182158544,2020,0.113743216,NLD
Netherlands,0.0007824173806609548,2021,0.2173399,NLD
Netherlands,0.00044223921808625536,2022,0.12284521,NLD
Netherlands,0.0006090888112895098,2023,0.16919269,NLD
Netherlands,0.0007463355173158615,2024,0.20731708,NLD
New Zealand,0.24434772121823028,2000,67.87491,NZL
New Zealand,0.2156120491036072,2001,59.892715,NZL
New Zealand,0.24532100943192456,2002,68.14527,NZL
New Zealand,0.23172040463676294,2003,64.367294,NZL
New Zealand,0.26575484196126437,2004,73.82138,NZL
New Zealand,0.22574871121031034,2005,62.708477,NZL
New Zealand,0.22690619555043562,2006,63.030003,NZL
New Zealand,0.22634340125278998,2007,62.87367,NZL
New Zealand,0.21226852185182518,2008,58.96395,NZL
New Zealand,0.22882437900496796,2009,63.562836,NZL
New Zealand,0.23180914752681983,2010,64.391945,NZL
New Zealand,0.23419087047303624,2011,65.05354,NZL
New Zealand,0.21244148966808268,2012,59.011997,NZL
New Zealand,0.21203070775433797,2013,58.89789,NZL
New Zealand,0.222759079127367,2014,61.878017,NZL
New Zealand,0.22356227230182163,2015,62.101128,NZL
New Zealand,0.23458650730794153,2016,65.16344,NZL
New Zealand,0.22658086255309962,2017,62.939632,NZL
New Zealand,0.2351137590899273,2018,65.3099,NZL
New Zealand,0.22810497516019873,2019,63.363,NZL
New Zealand,0.2157013103895169,2020,59.91751,NZL
New Zealand,0.21488754769961843,2021,59.691463,NZL
New Zealand,0.2324166966664267,2022,64.56071,NZL
New Zealand,0.23333659730722153,2023,64.81624,NZL
New Zealand,0.20895525235798115,2024,58.04359,NZL
North Macedonia,0.011699905680754555,2000,3.2499998,MKD
North Macedonia,0.006225364677082584,2001,1.7292818,MKD
North Macedonia,0.00746624199006408,2002,2.0739727,MKD
North Macedonia,0.013477819857441141,2003,3.7438688,MKD
North Macedonia,0.014458420332637341,2004,4.01626,MKD
North Macedonia,0.014438594211246313,2005,4.0107527,MKD
North Macedonia,0.015882225502195983,2006,4.4117646,MKD
North Macedonia,0.009670135718914251,2007,2.6861703,MKD
North Macedonia,0.007978827489380084,2008,2.2163587,MKD
North Macedonia,0.011999903880768955,2009,3.3333333,MKD
North Macedonia,0.02279044207646339,2010,6.330729,MKD
North Macedonia,0.01336465908272734,2011,3.712435,MKD
North Macedonia,0.009658685290517676,2012,2.6829896,MKD
North Macedonia,0.01458372237022104,2013,4.0510664,MKD
North Macedonia,0.011053203254373967,2014,3.0703588,MKD
North Macedonia,0.016999090287277703,2015,4.7220073,MKD
North Macedonia,0.01716177766577868,2016,4.7671986,MKD
North Macedonia,0.009992431060551516,2017,2.7756975,MKD
North Macedonia,0.01604197206422349,2018,4.456139,MKD
North Macedonia,0.010369288645690835,2019,2.880381,MKD
North Macedonia,0.011352291381668949,2020,3.1534395,MKD
North Macedonia,0.012871430628554973,2021,3.575426,MKD
North Macedonia,0.01189949600403197,2022,3.305442,MKD
North Macedonia,0.014250029879760963,2023,3.9583733,MKD
North Macedonia,0.011997237742098064,2024,3.3325927,MKD
Norway,1.418168478652171,2000,393.93884,NOR
Norway,1.1979650082799338,2001,332.77072,NOR
Norway,1.2759875440996473,2002,354.44382,NOR
Norway,1.0346729066167473,2003,287.41144,NOR
Norway,1.0612696018431853,2004,294.79947,NOR
Norway,1.3130992152062786,2005,364.7527,NOR
Norway,1.148997264021888,2006,319.16846,NOR
Norway,1.2796749226006192,2007,355.4681,NOR
Norway,1.3207240622075025,2008,366.87073,NOR
Norway,1.1837668298653612,2009,328.82675,NOR
Norway,1.0944193246454028,2010,304.0078,NOR
Norway,1.121763985888113,2011,311.6036,NOR
Norway,1.3149544243646052,2012,365.26804,NOR
Norway,1.1797777377780978,2013,327.71866,NOR
Norway,1.2408999928000577,2014,344.6972,NOR
Norway,1.2513499892000866,2015,347.6,NOR
Norway,1.2917113543091656,2016,358.81158,NOR
Norway,1.2812836777305783,2017,355.91498,NOR
Norway,1.2445077759377925,2018,345.69937,NOR
Norway,1.1164326085391318,2019,310.12265,NOR
Norway,1.2526459788321693,2020,347.96,NOR
Norway,1.276528727770178,2021,354.59415,NOR
Norway,1.1342988696090432,2022,315.08554,NOR
Norway,1.200404276765786,2023,333.4483,NOR
Norway,1.2255353157174742,2024,340.4292,NOR
Oman,0.0,2000,0.0,OMN
Oman,0.0,2001,0.0,OMN
Oman,0.0,2002,0.0,OMN
Oman,0.0,2003,0.0,OMN
Oman,0.0,2004,0.0,OMN
Oman,0.0,2005,0.0,OMN
Oman,0.0,2006,0.0,OMN
Oman,0.0,2007,0.0,OMN
Oman,0.0,2008,0.0,OMN
Oman,0.0,2009,0.0,OMN
Oman,0.0,2010,0.0,OMN
Oman,0.0,2011,0.0,OMN
Oman,0.0,2012,0.0,OMN
Oman,0.0,2013,0.0,OMN
Oman,0.0,2014,0.0,OMN
Oman,0.0,2015,0.0,OMN
Oman,0.0,2016,0.0,OMN
Oman,0.0,2017,0.0,OMN
Oman,0.0,2018,0.0,OMN
Oman,0.0,2019,0.0,OMN
Oman,0.0,2020,0.0,OMN
Oman,0.0,2021,0.0,OMN
Oman,0.0,2022,0.0,OMN
Oman,0.0,2023,0.0,OMN
Oman,0.0,2024,0.0,OMN
Pakistan,0.17558135934912522,2000,48.77299,PAK
Pakistan,0.18190690474476204,2001,50.5301,PAK
Pakistan,0.20137772697818418,2002,55.938705,PAK
Pakistan,0.24128142774857805,2003,67.023155,PAK
Pakistan,0.2557638202894377,2004,71.046074,PAK
Pakistan,0.2970908416732666,2005,82.525894,PAK
Pakistan,0.2911826085391317,2006,80.884705,PAK
Pakistan,0.3033046295629635,2007,84.25196,PAK
Pakistan,0.25968295053639573,2008,72.13473,PAK
Pakistan,0.27161113111095114,2009,75.44814,PAK
Pakistan,0.2794663582691339,2010,77.630165,PAK
Pakistan,0.2853342753257974,2011,79.260155,PAK
Pakistan,0.09970936712506301,2012,27.697268,PAK
Pakistan,0.2898932968536252,2013,80.52656,PAK
Pakistan,0.2965744618043056,2014,82.382454,PAK
Pakistan,0.29874721002231985,2015,82.986,PAK
Pakistan,0.3127600763193895,2016,86.878494,PAK
Pakistan,0.27183443732450147,2017,75.51017,PAK
Pakistan,0.2639961120311038,2018,73.33284,PAK
Pakistan,0.3220033479732162,2019,89.44609,PAK
Pakistan,0.35543928648570816,2020,98.733925,PAK
Pakistan,0.3336834905320758,2021,92.6906,PAK
Pakistan,0.3104756281949745,2022,86.24392,PAK
Pakistan,0.3376387068903449,2023,93.78928,PAK
Pakistan,0.3425091439268486,2024,95.14219,PAK
Peru,0.16175970192238465,2000,44.93361,PER
Peru,0.17517340341277274,2001,48.659668,PER
Peru,0.17792832457340343,2002,49.42493,PER
Peru,0.18180051119591045,2003,50.500546,PER
Peru,0.17097716898264817,2004,47.494038,PER
Peru,0.17396955864353086,2005,48.325264,PER
Peru,0.18860671754625966,2006,52.391174,PER
Peru,0.18716786665706675,2007,51.99149,PER
Peru,0.18103961768305857,2008,50.289185,PER
Peru,0.18806587947296424,2009,52.24094,PER
Peru,0.18798693210454318,2010,52.21901,PER
Peru,0.20105092879256967,2011,55.847927,PER
Peru,0.20441804665562677,2012,56.783245,PER
Peru,0.20549850241198073,2013,57.083374,PER
Peru,0.20345515875872996,2014,56.515774,PER
Peru,0.21588036215710277,2015,59.967247,PER
Peru,0.2183138274893801,2016,60.643215,PER
Peru,0.2616685146518828,2017,72.68628,PER
Peru,0.27525808193534457,2018,76.46119,PER
Peru,0.28035308517531865,2019,77.87648,PER
Peru,0.27120050399596807,2020,75.334076,PER
Peru,0.28308276333789334,2021,78.63473,PER
Peru,0.26308807329541367,2022,73.080605,PER
Peru,0.2554031427748578,2023,70.945885,PER
Peru,0.28121641226870187,2024,78.116295,PER
Philippines,0.07798936928504573,2000,21.663887,PHL
Philippines,0.07064695082439341,2001,19.62431,PHL
Philippines,0.06936574627402982,2002,19.268417,PHL
Philippines,0.07719652602779178,2003,21.443651,PHL
Philippines,0.08383036935704516,2004,23.2864,PHL
Philippines,0.08116166750665996,2005,22.545088,PHL
Philippines,0.09567272661818707,2006,26.57597,PHL
Philippines,0.08198965728274174,2007,22.775087,PHL
Philippines,0.0934903376772986,2008,25.969746,PHL
Philippines,0.09248020735834114,2009,25.689152,PHL
Philippines,0.07315633594931241,2010,20.321367,PHL
Philippines,0.09044257325941393,2011,25.123138,PHL
Philippines,0.09512212902296782,2012,26.423025,PHL
Philippines,0.09224864281085753,2013,25.624828,PHL
Philippines,0.08369953560371518,2014,23.250057,PHL
Philippines,0.07897223342213264,2015,21.936907,PHL
Philippines,0.07336447908416734,2016,20.379185,PHL
Philippines,0.08649649722802219,2017,24.026997,PHL
Philippines,0.0841949060407517,2018,23.387661,PHL
Philippines,0.07167543379652963,2019,19.910002,PHL
Philippines,0.06434573043415653,2020,17.873957,PHL
Philippines,0.0818779069767442,2021,22.744045,PHL
Philippines,0.08958367053063576,2022,24.884552,PHL
Philippines,0.09071490388076896,2023,25.198786,PHL
Philippines,0.09764353085175319,2024,27.12342,PHL
Poland,0.02105982936136511,2000,5.8499994,POL
Poland,0.02312136294909641,2001,6.4226522,POL
Poland,0.022477627618979052,2002,6.2438354,POL
Poland,0.016391149470804237,2003,4.5531335,POL
Poland,0.02031203470372237,2004,5.642277,POL
Poland,0.021299829001367992,2005,5.9166665,POL
Poland,0.019655457556339552,2006,5.459893,POL
Poland,0.022518970408236735,2007,6.2553196,POL
Poland,0.020450496796025633,2008,5.680739,POL
Poland,0.02244076391388869,2009,6.2335954,POL
Poland,0.02737478220174239,2010,7.604167,POL
Poland,0.02174904780761754,2011,6.0414505,POL
Poland,0.018899847001223994,2012,5.2499995,POL
Poland,0.022456083951328393,2013,6.237851,POL
Poland,0.019996787025703795,2014,5.5547075,POL
Poland,0.016696575347397224,2015,4.6379747,POL
Poland,0.019347582619339047,2016,5.3743715,POL
Poland,0.02303981424148607,2017,6.3999996,POL
Poland,0.01764164950680395,2018,4.9004974,POL
Poland,0.01745109079127367,2019,4.847564,POL
Poland,0.01882951112391101,2020,5.2304616,POL
Poland,0.020741349269205848,2021,5.761532,POL
Poland,0.017408884728922172,2022,4.83584,POL
Poland,0.021156513427892577,2023,5.8768563,POL
Poland,0.019127903376772986,2024,5.313349,POL
Portugal,0.11322908776729787,2000,31.452776,PRT
Portugal,0.1395635394916841,2001,38.76796,PRT
Portugal,0.07693089495284039,2002,21.369864,PRT
Portugal,0.15422982216142272,2003,42.84196,PRT
Portugal,0.09628216574267406,2004,26.74526,PRT
Portugal,0.045783504931960546,2005,12.717742,PRT
Portugal,0.10510182518539853,2006,29.195185,PRT
Portugal,0.09600242998056016,2007,26.667555,PRT
Portugal,0.06458101375188999,2008,17.939314,PRT
Portugal,0.07828283173734611,2009,21.745405,PRT
Portugal,0.15138629850961194,2010,42.052086,PRT
Portugal,0.1075887788897689,2011,29.886011,PRT
Portugal,0.05216247030023761,2012,14.489691,PRT
Portugal,0.12641331269349848,2013,35.11509,PRT
Portugal,0.1426156526747786,2014,39.615776,PRT
Portugal,0.07893056015551876,2015,21.925331,PRT
Portugal,0.1422169486644107,2016,39.505024,PRT
Portugal,0.05307257181942545,2017,14.742499,PRT
Portugal,0.11098119375045,2018,30.828356,PRT
Portugal,0.07857559939520485,2019,21.82673,PRT
Portugal,0.1073998488012096,2020,29.83353,PRT
Portugal,0.10558327453380373,2021,29.328922,PRT
Portugal,0.05791796025631795,2022,16.088451,PRT
Portugal,0.10570744834041329,2023,29.363415,PRT
Portugal,0.13019603643170857,2024,36.165855,PRT
Qatar,0.0,2000,0.0,QAT
Qatar,0.0,2001,0.0,QAT
Qatar,0.0,2002,0.0,QAT
Qatar,0.0,2003,0.0,QAT
Qatar,0.0,2004,0.0,QAT
Qatar,0.0,2005,0.0,QAT
Qatar,0.0,2006,0.0,QAT
Qatar,0.0,2007,0.0,QAT
Qatar,0.0,2008,0.0,QAT
Qatar,0.0,2009,0.0,QAT
Qatar,0.0,2010,0.0,QAT
Qatar,0.0,2011,0.0,QAT
Qatar,0.0,2012,0.0,QAT
Qatar,0.0,2013,0.0,QAT
Qatar,0.0,2014,0.0,QAT
Qatar,0.0,2015,0.0,QAT
Qatar,0.0,2016,0.0,QAT
Qatar,0.0,2017,0.0,QAT
Qatar,0.0,2018,0.0,QAT
Qatar,0.0,2019,0.0,QAT
Qatar,0.0,2020,0.0,QAT
Qatar,0.0,2021,0.0,QAT
Qatar,0.0,2022,0.0,QAT
Qatar,0.0,2023,0.0,QAT
Qatar,0.0,2024,0.0,QAT
Romania,0.14777881776945784,2000,41.05,ROU
Romania,0.1484043487652099,2001,41.22376,ROU
Romania,0.1582606487148103,2002,43.961643,ROU
Romania,0.13005998632010946,2003,36.128063,ROU
Romania,0.1611011591907265,2004,44.75068,ROU
Romania,0.19555005039959683,2005,54.319893,ROU
Romania,0.17668736050111603,2006,49.080215,ROU
Romania,0.15286473108215134,2007,42.462765,ROU
Romania,0.16332850457196343,2008,45.369392,ROU
Romania,0.14677677298581615,2009,40.771652,ROU
Romania,0.1864016307869537,2010,51.778645,ROU
Romania,0.13735847433220535,2011,38.155437,ROU
Romania,0.11195167758657933,2012,31.097937,ROU
Romania,0.13620504355965155,2013,37.835037,ROU
Romania,0.1696795557635539,2014,47.133587,ROU
Romania,0.15159068327453382,2015,42.10886,ROU
Romania,0.16306603067175462,2016,45.296482,ROU
Romania,0.13044495644034848,2017,36.235,ROU
Romania,0.15818291453668373,2018,43.94005,ROU
Romania,0.13883877528979768,2019,38.566635,ROU
Romania,0.13671763625890992,2020,37.977425,ROU
Romania,0.15439030887752897,2021,42.88654,ROU
Romania,0.12362520699834402,2022,34.34061,ROU
Romania,0.15924805241558068,2023,44.235924,ROU
Romania,0.12115506155950752,2024,33.654453,ROU
Russia,1.6407468500252,2000,455.76666,RUS
Russia,1.7293685650514798,2001,480.384,RUS
Russia,1.599511555907553,2002,444.31232,RUS
Russia,1.5269958240334078,2003,424.1689,RUS
Russia,1.7139083087335303,2004,476.08945,RUS
Russia,1.6704155446756428,2005,464.00803,RUS
Russia,1.6679705522355823,2006,463.32886,RUS
Russia,1.6950982072143423,2007,470.86438,RUS
Russia,1.5651801065591477,2008,434.77573,RUS
Russia,1.6459615523075817,2009,457.2152,RUS
Russia,1.5607721938224497,2010,433.5513,RUS
Russia,1.5207099863201097,2011,422.42282,RUS
Russia,1.516574123407013,2012,421.27396,RUS
Russia,1.6678739650082801,2013,463.30203,RUS
Russia,1.5883338253293977,2014,441.20737,RUS
Russia,1.5310673914608683,2015,425.2999,RUS
Russia,1.669841817265462,2016,463.84866,RUS
Russia,1.6664535603715172,2017,462.90747,RUS
Russia,1.7071883504931962,2018,474.22278,RUS
Russia,1.7320507595939234,2019,481.12906,RUS
Russia,1.8883250773993812,2020,524.53894,RUS
Russia,1.9022512419900641,2021,528.40735,RUS
Russia,1.7483879328965368,2022,485.6672,RUS
Russia,1.7636844265245881,2023,489.91626,RUS
Russia,1.8486050111599108,2024,513.5055,RUS
Saudi Arabia,0.0,2000,0.0,SAU
Saudi Arabia,0.0,2001,0.0,SAU
Saudi Arabia,0.0,2002,0.0,SAU
Saudi Arabia,0.0,2003,0.0,SAU
Saudi Arabia,0.0,2004,0.0,SAU
Saudi Arabia,0.0,2005,0.0,SAU
Saudi Arabia,0.0,2006,0.0,SAU
Saudi Arabia,0.0,2007,0.0,SAU
Saudi Arabia,0.0,2008,0.0,SAU
Saudi Arabia,0.0,2009,0.0,SAU
Saudi Arabia,0.0,2010,0.0,SAU
Saudi Arabia,0.0,2011,0.0,SAU
Saudi Arabia,0.0,2012,0.0,SAU
Saudi Arabia,0.0,2013,0.0,SAU
Saudi Arabia,0.0,2014,0.0,SAU
Saudi Arabia,0.0,2015,0.0,SAU
Saudi Arabia,0.0,2016,0.0,SAU
Saudi Arabia,0.0,2017,0.0,SAU
Saudi Arabia,0.0,2018,0.0,SAU
Saudi Arabia,0.0,2019,0.0,SAU
Saudi Arabia,0.0,2020,0.0,SAU
Saudi Arabia,0.0,2021,0.0,SAU
Saudi Arabia,0.0,2022,0.0,SAU
Saudi Arabia,0.0,2023,0.0,SAU
Saudi Arabia,0.0,2024,0.0,SAU
Singapore,0.0,2000,0.0,SGP
Singapore,0.0,2001,0.0,SGP
Singapore,0.0,2002,0.0,SGP
Singapore,0.0,2003,0.0,SGP
Singapore,0.0,2004,0.0,SGP
Singapore,0.0,2005,0.0,SGP
Singapore,0.0,2006,0.0,SGP
Singapore,0.0,2007,0.0,SGP
Singapore,0.0,2008,0.0,SGP
Singapore,0.0,2009,0.0,SGP
Singapore,0.0,2010,0.0,SGP
Singapore,0.0,2011,0.0,SGP
Singapore,0.0,2012,0.0,SGP
Singapore,0.0,2013,0.0,SGP
Singapore,0.0,2014,0.0,SGP
Singapore,0.0,2015,0.0,SGP
Singapore,0.0,2016,0.0,SGP
Singapore,0.0,2017,0.0,SGP
Singapore,0.0,2018,0.0,SGP
Singapore,0.0,2019,0.0,SGP
Singapore,0.0,2020,0.0,SGP
Singapore,0.0,2021,0.0,SGP
Singapore,0.0,2022,0.0,SGP
Singapore,0.0,2023,0.0,SGP
Singapore,0.0,2024,0.0,SGP
Slovakia,0.046149629202966384,2000,12.819444,SVK
Slovakia,0.04899739722082224,2001,13.610497,SVK
Slovakia,0.05195794153646771,2002,14.432877,SVK
Slovakia,0.03413596371229031,2003,9.482288,SVK
Slovakia,0.039999683202534386,2004,11.111112,SVK
Slovakia,0.04488351213190295,2005,12.467742,SVK
Slovakia,0.04234297825617395,2006,11.7620325,SVK
Slovakia,0.042615620275037805,2007,11.837767,SVK
Slovakia,0.03836801425588596,2008,10.657867,SVK
Slovakia,0.04126796025631795,2009,11.463414,SVK
Slovakia,0.04926523147814818,2010,13.684896,SVK
Slovakia,0.035236694506443955,2011,9.788049,SVK
Slovakia,0.03806876664986681,2012,10.574742,SVK
Slovakia,0.04463596011231911,2013,12.398977,SVK
Slovakia,0.03855541795665635,2014,10.709924,SVK
Slovakia,0.035234145726834185,2015,9.787341,SVK
Slovakia,0.03942782777737778,2016,10.952262,SVK
Slovakia,0.0389156850745194,2017,10.809999,SVK
Slovakia,0.03214899200806394,2018,8.930347,SVK
Slovakia,0.0388155302757578,2019,10.782178,SVK
Slovakia,0.04015079199366405,2020,11.153087,SVK
Slovakia,0.03775536395708835,2021,10.487685,SVK
Slovakia,0.03253241774065808,2022,9.036855,SVK
Slovakia,0.04114503563971489,2023,11.429268,SVK
Slovakia,0.04330078119375046,2024,12.028091,SVK
Slovenia,0.03833969328245374,2000,10.65,SVN
Slovenia,0.037749974800201605,2001,10.486188,SVN
Slovenia,0.032675901792785664,2002,9.076712,SVN
Slovenia,0.02900575995392037,2003,8.05722,SVN
Slovenia,0.03995089999280006,2004,11.097561,SVN
Slovenia,0.033493278853769175,2005,9.303763,SVN
Slovenia,0.034565497876016996,2006,9.601604,SVN
Slovenia,0.03126996544027648,2007,8.686171,SVN
Slovenia,0.03816539527683779,2008,10.6015835,SVN
Slovenia,0.04455082439340485,2009,12.375328,SVN
Slovenia,0.042355911152710785,2010,11.765625,SVN
Slovenia,0.033220462236302116,2011,9.22798,SVN
Slovenia,0.03617599539203687,2012,10.048968,SVN
Slovenia,0.04261960904312766,2013,11.838875,SVN
Slovenia,0.055804132766937874,2014,15.501272,SVN
Slovenia,0.034705547555619554,2015,9.640507,SVN
Slovenia,0.040730326157390744,2016,11.31407,SVN
Slovenia,0.034814824681402554,2017,9.670862,SVN
Slovenia,0.04212790337677299,2018,11.702289,SVN
Slovenia,0.03991508027935777,2019,11.087611,SVN
Slovenia,0.043857959536323717,2020,12.182864,SVN
Slovenia,0.04178547771617828,2021,11.60717,SVN
Slovenia,0.027848979048167615,2022,7.7358894,SVN
Slovenia,0.04408441932464541,2023,12.24577,SVN
Slovenia,0.046718730650154805,2024,12.977529,SVN
South Africa,0.011009909640722874,2000,3.0583327,ZAF
South Africa,0.017114780401756787,2001,4.7541437,ZAF
South Africa,0.02055435596515228,2002,5.709589,ZAF
South Africa,0.00811623875009,2003,2.2545288,ZAF
South Africa,0.009267624019007848,2004,2.5743606,ZAF
South Africa,0.012889640002879978,2005,3.5804842,ZAF
South Africa,0.027891302469580246,2006,7.747646,ZAF
South Africa,0.027436568507451943,2007,7.62133,ZAF
South Africa,0.011964631002951977,2008,3.3235352,ZAF
South Africa,0.013715982792137664,2009,3.8100257,ZAF
South Africa,0.010714599323205416,2010,2.9763014,ZAF
South Africa,0.028574297645618838,2011,7.9373684,ZAF
South Africa,0.009450015479876162,2012,2.6250253,ZAF
South Africa,0.010163849809201528,2013,2.8233142,ZAF
South Africa,0.016443165814673484,2014,4.5675826,ZAF
South Africa,0.00665311145510836,2015,1.8481013,ZAF
South Africa,0.005644176326589387,2016,1.5678393,ZAF
South Africa,0.006983944128446973,2017,1.94,ZAF
South Africa,0.009877532579739362,2018,2.743781,ZAF
South Africa,0.006602917056663547,2019,1.8341583,ZAF
South Africa,0.013022118223054217,2020,3.617284,ZAF
South Africa,0.017893452372381023,2021,4.9704432,ZAF
South Africa,0.027419926920584637,2022,7.6167073,ZAF
South Africa,0.017560835913312693,2023,4.878049,ZAF
South Africa,0.009658459932320541,2024,2.682927,ZAF
South Korea,0.040095208438332496,2000,11.137647,KOR
South Korea,0.023170478436172513,2001,6.4362955,KOR
South Korea,0.03188467492260062,2002,8.856925,KOR
South Korea,0.04792352941176471,2003,13.312198,KOR
South Korea,0.04205897472820218,2004,11.683142,KOR
South Korea,0.03554777521779826,2005,9.874461,KOR
South Korea,0.03337710058319533,2006,9.271491,KOR
South Korea,0.03477083303333574,2007,9.658642,KOR
South Korea,0.029161775505795955,2008,8.100558,KOR
South Korea,0.026580932032543744,2009,7.3836513,KOR
South Korea,0.03451818345453237,2010,9.588461,KOR
South Korea,0.042879454964360283,2011,11.911055,KOR
South Korea,0.03682583339333286,2012,10.22948,KOR
South Korea,0.03949166246670027,2013,10.969994,KOR
South Korea,0.025203634890920874,2014,7.0010657,KOR
South Korea,0.01955576499388005,2015,5.4322004,KOR
South Korea,0.02574499748002016,2016,7.1514454,KOR
South Korea,0.02527918244654043,2017,7.0220513,KOR
South Korea,0.030084098927208588,2018,8.356761,KOR
South Korea,0.024849414644682846,2019,6.9026704,KOR
South Korea,0.034463989488084094,2020,9.573407,KOR
South Korea,0.02708403772769818,2021,7.523404,KOR
South Korea,0.03132221722226223,2022,8.7006855,KOR
South Korea,0.032631874145006845,2023,9.064482,KOR
South Korea,0.03774933040535676,2024,10.486009,KOR
Spain,0.2956976204190367,2000,82.138885,ESP
Spain,0.40800007199942406,2001,113.33426,ESP
Spain,0.22605845633234936,2002,62.794518,ESP
Spain,0.40270631434948523,2003,111.86376,ESP
Spain,0.3090316797465621,2004,85.84282,ESP
Spain,0.17295345237238105,2005,48.04301,ESP
Spain,0.24920654474764203,2006,69.224594,ESP
Spain,0.26073939808481533,2007,72.42819,ESP
Spain,0.22352115343077258,2008,62.089706,ESP
Spain,0.2489977680178559,2009,69.1666,ESP
Spain,0.39408151774785805,2010,109.467964,ESP
Spain,0.2853490172078624,2011,79.26425,ESP
Spain,0.19062218302253586,2012,52.95103,ESP
Spain,0.3386357549139607,2013,94.06624,ESP
Spain,0.3587971200230398,2014,99.666664,ESP
Spain,0.25646374829001367,2015,71.2405,ESP
Spain,0.3291130750953993,2016,91.42103,ESP
Spain,0.1648966808265534,2017,45.805,ESP
Spain,0.30746619627042987,2018,85.40796,ESP
Spain,0.20036937144502845,2019,55.658604,ESP
Spain,0.2711687306501548,2020,75.32525,ESP
Spain,0.2626914824681403,2021,72.97044,ESP
Spain,0.15558598171214633,2022,43.218674,ESP
Spain,0.21947532219742244,2023,60.965855,ESP
Spain,0.30233342933256535,2024,83.98218,ESP
Sri Lanka,0.03204182086543308,2000,8.900577,LKA
Sri Lanka,0.031005932752537983,2001,8.612828,LKA
Sri Lanka,0.026633985168118657,2002,7.3983884,LKA
Sri Lanka,0.03255415076679387,2003,9.042892,LKA
Sri Lanka,0.028967798257613944,2004,8.046675,LKA
Sri Lanka,0.03347906976744186,2005,9.299816,LKA
Sri Lanka,0.0446952444380445,2006,12.415445,LKA
Sri Lanka,0.037880822953416375,2007,10.522535,LKA
Sri Lanka,0.03931655626754986,2008,10.921353,LKA
Sri Lanka,0.036766109871121035,2009,10.21289,LKA
Sri Lanka,0.05291731946144431,2010,14.699373,LKA
Sri Lanka,0.04275097919216647,2011,11.875367,LKA
Sri Lanka,0.030638386492908058,2012,8.510731,LKA
Sri Lanka,0.06379814241486069,2013,17.721848,LKA
Sri Lanka,0.04179491684066528,2014,11.609792,LKA
Sri Lanka,0.054499823601411194,2015,15.138961,LKA
Sri Lanka,0.038274929800561595,2016,10.63201,LKA
Sri Lanka,0.036281953344373244,2017,10.078401,LKA
Sri Lanka,0.0574155986752106,2018,15.948905,LKA
Sri Lanka,0.042877975376196996,2019,11.910644,LKA
Sri Lanka,0.04423342213262294,2020,12.28716,LKA
Sri Lanka,0.06407772337821299,2021,17.79951,LKA
Sri Lanka,0.060792256461948316,2022,16.886873,LKA
Sri Lanka,0.0514483296133631,2023,14.291317,LKA
Sri Lanka,0.06104496724026208,2024,16.957071,LKA
Sweden,0.7858336813305494,2000,218.28888,SWE
Sweden,0.7862357261141912,2001,218.40056,SWE
Sweden,0.654484592123263,2002,181.80273,SWE
Sweden,0.5251838145294838,2003,145.88556,SWE
Sweden,0.5910977392180863,2004,164.19513,SWE
Sweden,0.700672366621067,2005,194.63277,SWE
Sweden,0.5930865073079415,2006,164.74757,SWE
Sweden,0.6335353877168983,2007,175.98346,SWE
Sweden,0.6580588955288359,2008,182.7956,SWE
Sweden,0.6192653178774571,2009,172.01952,SWE
Sweden,0.6297669018647851,2010,174.93665,SWE
Sweden,0.6254573763409894,2011,173.73955,SWE
Sweden,0.732420656634747,2012,203.45181,SWE
Sweden,0.5649575203398374,2013,156.9339,SWE
Sweden,0.5840835553315574,2014,162.24673,SWE
Sweden,0.6863867809057529,2015,190.66452,SWE
Sweden,0.5620095759233926,2016,156.11502,SWE
Sweden,0.5855592915256678,2017,162.65666,SWE
Sweden,0.5565409676722586,2018,154.59595,SWE
Sweden,0.5818516451868385,2019,161.62675,SWE
Sweden,0.6425371877024985,2020,178.48398,SWE
Sweden,0.6543269493844049,2021,181.75894,SWE
Sweden,0.6174613723090215,2022,171.51842,SWE
Sweden,0.5803057455540356,2023,161.19733,SWE
Sweden,0.5675118079055368,2024,157.64343,SWE
Switzerland,0.3683703650370797,2000,102.32592,CHE
Switzerland,0.41094247246022036,2001,114.1516,CHE
Switzerland,0.3468973468212254,2002,96.361145,CHE
Switzerland,0.34103722370221046,2003,94.73332,CHE
Switzerland,0.3292824177406581,2004,91.46807,CHE
Switzerland,0.30222240622075025,2005,83.95134,CHE
Switzerland,0.2980261717906257,2006,82.78571,CHE
Switzerland,0.33752990136078914,2007,93.759056,CHE
Switzerland,0.34232385340917276,2008,95.09072,CHE
Switzerland,0.33757628338973295,2009,93.77194,CHE
Switzerland,0.33809993520051845,2010,93.9174,CHE
Switzerland,0.3021118511051912,2011,83.92063,CHE
Switzerland,0.35817942256461954,2012,99.49508,CHE
Switzerland,0.3541480308157535,2013,98.37524,CHE
Switzerland,0.34845568435452523,2014,96.79402,CHE
Switzerland,0.3487127582979337,2015,96.86543,CHE
Switzerland,0.3132149362805098,2016,87.004845,CHE
Switzerland,0.3068558211534308,2017,85.23841,CHE
Switzerland,0.30993057095543236,2018,86.092514,CHE
Switzerland,0.3353494852041184,2019,93.15338,CHE
Switzerland,0.3330060839513284,2020,92.50243,CHE
Switzerland,0.3242588523291814,2021,90.072624,CHE
Switzerland,0.2615076463388293,2022,72.641594,CHE
Switzerland,0.32469875440996476,2023,90.19482,CHE
Switzerland,0.39451630786953706,2024,109.58874,CHE
Taiwan,0.04559943840449277,2000,12.666612,TWN
Taiwan,0.05062134062927497,2001,14.061596,TWN
Taiwan,0.02740812009503924,2002,7.6134276,TWN
Taiwan,0.029766131470948233,2003,8.268436,TWN
Taiwan,0.031315546475628196,2004,8.6988325,TWN
Taiwan,0.03940007199942401,2005,10.944552,TWN
Taiwan,0.039352789977680186,2006,10.931418,TWN
Taiwan,0.042295356037151705,2007,11.748804,TWN
Taiwan,0.040892494060047524,2008,11.359117,TWN
Taiwan,0.035416610267117864,2009,9.838026,TWN
Taiwan,0.03931938584491324,2010,10.922139,TWN
Taiwan,0.03730284757721939,2011,10.361985,TWN
Taiwan,0.05260372597019224,2012,14.612263,TWN
Taiwan,0.04992901936784506,2013,13.869283,TWN
Taiwan,0.039552617179062576,2014,10.986926,TWN
Taiwan,0.04074024767801858,2015,11.316826,TWN
Taiwan,0.0593546691626467,2016,16.48754,TWN
Taiwan,0.04902094463244295,2017,13.617038,TWN
Taiwan,0.04013381092951257,2018,11.14837,TWN
Taiwan,0.04940867593059256,2019,13.724742,TWN
Taiwan,0.026836694506443954,2020,7.454697,TWN
Taiwan,0.030809568723450215,2021,8.558282,TWN
Taiwan,0.05162467060263518,2022,14.340301,TWN
Taiwan,0.034796990424076614,2023,9.665908,TWN
Taiwan,0.03692984016127872,2024,10.258371,TWN
Thailand,0.058913967888256896,2000,16.365122,THA
Thailand,0.06140183598531212,2001,17.056202,THA
Thailand,0.07265964792281662,2002,20.183397,THA
Thailand,0.07070220318237455,2003,19.639658,THA
Thailand,0.05752436100511197,2004,15.979117,THA
Thailand,0.05488195874433005,2005,15.2451105,THA
Thailand,0.07652392900856794,2006,21.256817,THA
Thailand,0.07622514939880483,2007,21.173822,THA
Thailand,0.0660218518251854,2008,18.33955,THA
Thailand,0.06581744546043632,2009,18.28277,THA
Thailand,0.05012540859673123,2010,13.923836,THA
Thailand,0.07400386276909784,2011,20.556793,THA
Thailand,0.07822715818273454,2012,21.72994,THA
Thailand,0.0498295305637555,2013,13.841647,THA
Thailand,0.04729952480380157,2014,13.138862,THA
Thailand,0.034274760601915186,2015,9.520843,THA
Thailand,0.032047681618547055,2016,8.902205,THA
Thailand,0.042184332925336604,2017,11.717964,THA
Thailand,0.06803241054071568,2018,18.898043,THA
Thailand,0.05622689898480813,2019,15.618708,THA
Thailand,0.040353880768953854,2020,11.209501,THA
Thailand,0.04025576355389157,2021,11.182246,THA
Thailand,0.058367485060119524,2022,16.21332,THA
Thailand,0.05784727122183023,2023,16.068815,THA
Thailand,0.05632456980344158,2024,15.645839,THA
Trinidad and Tobago,0.0,2000,0.0,TTO
Trinidad and Tobago,0.0,2001,0.0,TTO
Trinidad and Tobago,0.0,2002,0.0,TTO
Trinidad and Tobago,0.0,2003,0.0,TTO
Trinidad and Tobago,0.0,2004,0.0,TTO
Trinidad and Tobago,0.0,2005,0.0,TTO
Trinidad and Tobago,0.0,2006,0.0,TTO
Trinidad and Tobago,0.0,2007,0.0,TTO
Trinidad and Tobago,0.0,2008,0.0,TTO
Trinidad and Tobago,0.0,2009,0.0,TTO
Trinidad and Tobago,0.0,2010,0.0,TTO
Trinidad and Tobago,0.0,2011,0.0,TTO
Trinidad and Tobago,0.0,2012,0.0,TTO
Trinidad and Tobago,0.0,2013,0.0,TTO
Trinidad and Tobago,0.0,2014,0.0,TTO
Trinidad and Tobago,0.0,2015,0.0,TTO
Trinidad and Tobago,0.0,2016,0.0,TTO
Trinidad and Tobago,0.0,2017,0.0,TTO
Trinidad and Tobago,0.0,2018,0.0,TTO
Trinidad and Tobago,0.0,2019,0.0,TTO
Trinidad and Tobago,0.0,2020,0.0,TTO
Trinidad and Tobago,0.0,2021,0.0,TTO
Trinidad and Tobago,0.0,2022,0.0,TTO
Trinidad and Tobago,0.0,2023,0.0,TTO
Trinidad and Tobago,0.0,2024,0.0,TTO
Turkey,0.30878250773993815,2000,85.773605,TUR
Turkey,0.2387705738354093,2001,66.32569,TUR
Turkey,0.33222111023111817,2002,92.28438,TUR
Turkey,0.34655360357117143,2003,96.26566,TUR
Turkey,0.44959349125207004,2004,124.88808,TUR
Turkey,0.3828404852761178,2005,106.34543,TUR
Turkey,0.4258765929872561,2006,118.3,TUR
Turkey,0.343249622003024,2007,95.34788,TUR
Turkey,0.3160166462668299,2008,87.783104,TUR
Turkey,0.3397616819065448,2009,94.379,TUR
Turkey,0.485578515371877,2010,134.884,TUR
Turkey,0.4881277269781842,2011,135.59212,TUR
Turkey,0.5368875008999928,2012,149.13661,TUR
Turkey,0.5470898192814457,2013,151.97061,TUR
Turkey,0.3723148534811722,2014,103.42162,TUR
Turkey,0.6119571963424294,2015,169.98947,TUR
Turkey,0.6081139030887753,2016,168.92188,TUR
Turkey,0.5239623083015336,2017,145.54625,TUR
Turkey,0.5367583699330406,2018,149.10074,TUR
Turkey,0.7914837281301751,2019,219.85835,TUR
Turkey,0.6941665706674347,2020,192.82559,TUR
Turkey,0.4958987688098496,2021,137.75076,TUR
Turkey,0.5908773129814963,2022,164.1339,TUR
Turkey,0.561968212254302,2023,156.10353,TUR
Turkey,0.6574916120671036,2024,182.63802,TUR
Turkmenistan,3.153974728202175e-05,2000,0.008761111,TKM
Turkmenistan,3.136549787601699e-05,2001,0.008712708,TKM
Turkmenistan,3.1107696738426094e-05,2002,0.008641096,TKM
Turkmenistan,3.093817049463605e-05,2003,0.008594005,TKM
Turkmenistan,3.0770487436100514e-05,2004,0.008547426,TKM
Turkmenistan,3.052233422132623e-05,2005,0.008478494,TKM
Turkmenistan,3.0359115127078984e-05,2006,0.008433155,TKM
Turkmenistan,3.0197634818921452e-05,2007,0.008388299,TKM
Turkmenistan,2.9958600331197355e-05,2008,0.0083219,TKM
Turkmenistan,2.980133558931529e-05,2009,0.008278215,TKM
Turkmenistan,2.9568512851897186e-05,2010,0.0082135415,TKM
Turkmenistan,2.9415310677514583e-05,2011,0.008170985,TKM
Turkmenistan,2.926368349053208e-05,2012,0.008128866,TKM
Turkmenistan,2.9039153286773707e-05,2013,0.008066496,TKM
Turkmenistan,2.8891370869033053e-05,2014,0.008025445,TKM
Turkmenistan,2.874508603931169e-05,2015,0.00798481,TKM
Turkmenistan,2.8528414572683422e-05,2016,0.007924623,TKM
Turkmenistan,2.838577291381669e-05,2017,0.007885,TKM
Turkmenistan,2.824455144358845e-05,2018,0.0078457715,TKM
Turkmenistan,2.8104725682194546e-05,2019,0.0078069307,TKM
Turkmenistan,2.8112140182878538e-05,2020,0.0078089903,TKM
Turkmenistan,2.7930812153502777e-05,2021,0.007758621,TKM
Turkmenistan,2.7862183742530063e-05,2022,0.0077395574,TKM
Turkmenistan,2.7658315933472534e-05,2023,0.007682927,TKM
Turkmenistan,2.7734091727266186e-05,2024,0.007703976,TKM
Ukraine,0.11273909568723452,2000,31.316666,UKR
Ukraine,0.1196542875656995,2001,33.237568,UKR
Ukraine,0.09495046799625603,2002,26.375341,UKR
Ukraine,0.09061725466196272,2003,25.171661,UKR
Ukraine,0.11466250269997841,2004,31.85095,UKR
Ukraine,0.11964097487220104,2005,33.23387,UKR
Ukraine,0.12403536611707107,2006,34.454544,UKR
Ukraine,0.09711305709554324,2007,26.976065,UKR
Ukraine,0.10934793721650227,2008,30.37467,UKR
Ukraine,0.11278019655842754,2009,31.328083,UKR
Ukraine,0.12329901360789115,2010,34.25,UKR
Ukraine,0.10206598387212903,2011,28.351889,UKR
Ukraine,0.09722361941104472,2012,27.006777,UKR
Ukraine,0.12710209518323856,2013,35.30642,UKR
Ukraine,0.07766291309669524,2014,21.573204,UKR
Ukraine,0.0491812549499604,2015,13.661569,UKR
Ukraine,0.06942878896968825,2016,19.285929,UKR
Ukraine,0.08052784217726258,2017,22.369024,UKR
Ukraine,0.09338164014687883,2018,25.939552,UKR
Ukraine,0.057994283245734045,2019,16.109652,UKR
Ukraine,0.06723327093383254,2020,18.676058,UKR
Ukraine,0.09260349917200664,2021,25.7234,UKR
Ukraine,0.09749995680034561,2022,27.083538,UKR
Ukraine,0.11175353157174743,2023,31.042896,UKR
Ukraine,0.11205971272229823,2024,31.127947,UKR
United Arab Emirates,0.0,2000,0.0,ARE
United Arab Emirates,0.0,2001,0.0,ARE
United Arab Emirates,0.0,2002,0.0,ARE
United Arab Emirates,0.0,2003,0.0,ARE
United Arab Emirates,0.0,2004,0.0,ARE
United Arab Emirates,0.0,2005,0.0,ARE
United Arab Emirates,0.0,2006,0.0,ARE
United Arab Emirates,0.0,2007,0.0,ARE
United Arab Emirates,0.0,2008,0.0,ARE
United Arab Emirates,0.0,2009,0.0,ARE
United Arab Emirates,0.0,2010,0.0,ARE
United Arab Emirates,0.0,2011,0.0,ARE
United Arab Emirates,0.0,2012,0.0,ARE
United Arab Emirates,0.0,2013,0.0,ARE
United Arab Emirates,0.0,2014,0.0,ARE
United Arab Emirates,0.0,2015,0.0,ARE
United Arab Emirates,0.0,2016,0.0,ARE
United Arab Emirates,0.0,2017,0.0,ARE
United Arab Emirates,0.0,2018,0.0,ARE
United Arab Emirates,0.0,2019,0.0,ARE
United Arab Emirates,0.0,2020,0.0,ARE
United Arab Emirates,0.0,2021,0.0,ARE
United Arab Emirates,0.0,2022,0.0,ARE
United Arab Emirates,0.0,2023,0.0,ARE
United Arab Emirates,0.0,2024,0.0,ARE
United Kingdom,0.05085704154366766,2000,14.127069,GBR
United Kingdom,0.040322145222838224,2001,11.2006855,GBR
United Kingdom,0.0472186478508172,2002,13.116396,GBR
United Kingdom,0.03166111311109512,2003,8.794824,GBR
United Kingdom,0.047262650298797615,2004,13.128619,GBR
United Kingdom,0.047640589675282605,2005,13.233603,GBR
United Kingdom,0.044214255885952916,2006,12.281836,GBR
United Kingdom,0.048612099503203984,2007,13.503469,GBR
United Kingdom,0.048834095327237384,2008,13.565135,GBR
United Kingdom,0.049397012023903814,2009,13.721502,GBR
United Kingdom,0.033668878248974014,2010,9.352541,GBR
United Kingdom,0.05308325293397653,2011,14.745466,GBR
United Kingdom,0.049258999928000584,2012,13.683165,GBR
United Kingdom,0.043287205702354385,2013,12.02432,GBR
United Kingdom,0.053934062927496584,2014,14.981804,GBR
United Kingdom,0.05739236626106992,2015,15.9424515,GBR
United Kingdom,0.048577762977896184,2016,13.493931,GBR
United Kingdom,0.05293577651378789,2017,14.7045,GBR
United Kingdom,0.048745575635394923,2018,13.540546,GBR
United Kingdom,0.05286699906400749,2019,14.685395,GBR
United Kingdom,0.061139066887464906,2020,16.98321,GBR
United Kingdom,0.04804454244366045,2021,13.345813,GBR
United Kingdom,0.050070555835553324,2022,13.908599,GBR
United Kingdom,0.04862244222046224,2023,13.506342,GBR
United Kingdom,0.05061208510331918,2024,14.059025,GBR
United States,2.727591619267046,2000,757.6704,USA
United States,2.0907678738570095,2001,580.7735,USA
United States,2.546289869681043,2002,707.3084,USA
United States,2.6481953344373244,2003,735.6157,USA
United States,2.5614885880912954,2004,711.5303,USA
United States,2.578312153502772,2005,716.20355,USA
United States,2.7485298797609623,2006,763.48663,USA
United States,2.3269990640074885,2007,646.3938,USA
United States,2.3846614227086187,2008,662.41125,USA
United States,2.5656463388292896,2009,712.68524,USA
United States,2.4119308445532437,2010,669.98615,USA
United States,2.9480158398732814,2011,818.89984,USA
United States,2.54252624379005,2012,706.26294,USA
United States,2.4541476348189217,2013,681.71313,USA
United States,2.342734646122831,2014,650.76483,USA
United States,2.246137050903593,2015,623.93195,USA
United States,2.38578299373605,2016,662.7228,USA
United States,2.6712365901072794,2017,742.0161,USA
United States,2.5926472388220896,2018,720.18555,USA
United States,2.5437508099935204,2019,706.6031,USA
United States,2.5135843113255096,2020,698.22345,USA
United States,2.207534235726114,2021,613.20886,USA
United States,2.2225491396068833,2022,617.3797,USA
United States,2.119826265389877,2023,588.84534,USA
United States,2.095996004031968,2024,582.22577,USA
Uzbekistan,0.058789527683778535,2000,16.330555,UZB
Uzbekistan,0.05983709410324718,2001,16.621548,UZB
Uzbekistan,0.061012113903088784,2002,16.947945,UZB
Uzbekistan,0.07018346893224855,2003,19.495564,UZB
Uzbekistan,0.06334991000072,2004,17.597338,UZB
Uzbekistan,0.06653757289941682,2005,18.482807,UZB
Uzbekistan,0.056307034343725255,2006,15.640968,UZB
Uzbekistan,0.06182280941752467,2007,17.17314,UZB
Uzbekistan,0.04165992872057024,2008,11.572295,UZB
Uzbekistan,0.06125903592771259,2009,17.016535,UZB
Uzbekistan,0.07680032039743682,2010,21.333593,UZB
Uzbekistan,0.05335884872921017,2011,14.822021,UZB
Uzbekistan,0.058963276693786454,2012,16.378819,UZB
Uzbekistan,0.057728436172510625,2013,16.035805,UZB
Uzbekistan,0.056656109151126795,2014,15.737934,UZB
Uzbekistan,0.054869893440852475,2015,15.241759,UZB
Uzbekistan,0.062048074015407885,2016,17.235714,UZB
Uzbekistan,0.071365407876737,2017,19.823883,UZB
Uzbekistan,0.052811217510259925,2018,14.6699,UZB
Uzbekistan,0.05758245554035568,2019,15.9952545,UZB
Uzbekistan,0.04443713010295918,2020,12.343746,UZB
Uzbekistan,0.04442471020231839,2021,12.340296,UZB
Uzbekistan,0.046994218446252435,2022,13.054054,UZB
Uzbekistan,0.061438336093311265,2023,17.066341,UZB
Uzbekistan,0.07199942400460797,2024,20.0,UZB
Venezuela,0.6288549571603428,2000,174.68333,VEN
Venezuela,0.6010659514723883,2001,166.9641,VEN
Venezuela,0.5871799265605876,2002,163.10684,VEN
Venezuela,0.5937696378428974,2003,164.93733,VEN
Venezuela,0.6836530707754338,2004,189.90515,VEN
Venezuela,0.7460116999064008,2005,207.22713,VEN
Venezuela,0.7836514867881057,2006,217.68271,VEN
Venezuela,0.7950040679674564,2007,220.83623,VEN
Venezuela,0.8236514867881058,2008,228.79391,VEN
Venezuela,0.8110730794153648,2009,225.29988,VEN
Venezuela,0.7186796745626035,2010,199.63484,VEN
Venezuela,0.775529915760674,2011,215.4267,VEN
Venezuela,0.7583649650802795,2012,210.65862,VEN
Venezuela,0.7503405932752538,2013,208.42961,VEN
Venezuela,0.7361512707898338,2014,204.4881,VEN
Venezuela,0.6811291669666644,2015,189.20406,VEN
Venezuela,0.5694667722658219,2016,158.18648,VEN
Venezuela,0.6303142054863562,2017,175.08868,VEN
Venezuela,0.5846092591259271,2018,162.39276,VEN
Venezuela,0.5595050039599684,2019,155.4193,VEN
Venezuela,0.5972398300813595,2020,165.90128,VEN
Venezuela,0.6015796673626611,2021,167.1068,VEN
Venezuela,0.6059960760313917,2022,168.33359,VEN
Venezuela,0.6377896896824826,2023,177.16522,VEN
Venezuela,0.6395370437036504,2024,177.6506,VEN
Vietnam,0.1455088199294406,2000,40.41944,VNM
Vietnam,0.1810924724602203,2001,50.303867,VNM
Vietnam,0.17948568291453668,2002,49.857533,VNM
Vietnam,0.1862371913024696,2003,51.732967,VNM
Vietnam,0.17383276693786454,2004,48.287266,VNM
Vietnam,0.160014849881201,2005,44.448925,VNM
Vietnam,0.18973003815969475,2006,52.70321,VNM
Vietnam,0.21482062783497735,2007,59.672874,VNM
Vietnam,0.24681173590611277,2008,68.559364,VNM
Vietnam,0.2832449780401757,2009,78.67979,VNM
Vietnam,0.2674138166894665,2010,74.28221,VNM
Vietnam,0.38308611131110953,2011,106.41366,VNM
Vietnam,0.4945818993448053,2012,137.38496,VNM
Vietnam,0.5323508891928865,2013,147.87643,VNM
Vietnam,0.5694452444380446,2014,158.1805,VNM
Vietnam,0.5114966520267838,2015,142.08354,VNM
Vietnam,0.5783561811505509,2016,160.65578,VNM
Vietnam,0.7734538123695011,2017,214.85,VNM
Vietnam,0.7440030239758083,2018,206.66916,VNM
Vietnam,0.5891566347469221,2019,163.65593,VNM
Vietnam,0.6477014183886529,2020,179.9185,VNM
Vietnam,0.6975875152998776,2021,193.77586,VNM
Vietnam,0.8483372093023256,2022,235.65111,VNM
Vietnam,0.7078860969112247,2023,196.6366,VNM
Vietnam,0.7790250197998417,2024,216.39757,VNM
