Continent,country,Energy,1980,1981,1982,1983,1984,1985,1986,1987,1988,1989,1990,1991,1992,1993,1994,1995,1996,1997,1998,1999,2000,2001,2002,2003,2004,2005,2006,2007,2008,2009,2010,2011,2012,2013,2014,2015,2016,2017,2018,2019,2020,2021,Production
Africa,        Algeria,Petroleum,678.5699435,622.0564495,617.7955674,601.6316562,658.9424671,672.7151789,702.2151338,707.2453721,693.5009406,727.6078883,774.5839534,771.3180775,792.2673251,772.4396822,762.4047362,769.1592468,812.9300476,834.9174499,823.8581167,813.6954453,843.1852943,887.5443827,948.3273017,1047.586922,1086.900694,1149.615875,1156.345966,1156.455228,1152.150346,1118.378183,1099.862575,1090.081188,1099.343783,1031.646544,1006.819429,1049.119341,993.5915409,952.8569354,920.1840414,916.5592496,821.8053035,825.9709533,36964.18575
Africa,        Angola,Petroleum,93.7706772,81.0455778,76.0575264,110.3501324,130.041739,144.0117168,175.8070177,224.4331221,282.5656338,283.6589622,296.1276005,311.713066,329.0204881,317.323914,334.4039208,402.8782838,443.0849815,445.0064996,458.2692441,464.4010217,466.6026544,462.8211068,558.8201485,562.6717246,658.802047,777.1164035,881.4437863,1085.358874,1223.89665,1174.490047,1194.260333,1098.935957,1121.596412,1129.150448,1092.427634,1135.314041,1118.710154,1059.090853,1021.110458,931.2685012,813.1872437,734.0281772,25705.07478
Africa,        Benin,Petroleum,0,0,0,2.6259072,4.6099911,5.2547451,5.2547451,4.5982683,3.2941068,2.628085296,2.628085296,2.628085296,3.689399616,3.810723562,3.876425753,1.971063972,1.31764272,0.854127604,0.657021324,0.657021324,0.454586738,0.459915044,0.525616942,0.262808471,0,0,0,0,0,0,0,0,0,0,0,0,0,0,0,0,0,0,52.05837256
Africa,        Botswana,Petroleum,0,0,0,0,0,0,0,0,0,0,0,0,0,0,0,0,0,0,0,0,0,0,0,0,0,0,0,0,0,0,0,0,0,0,0,0,0,0,0,0,0,0,0
Africa,        Burkina Faso,Petroleum,0,0,0,0,0,0,0,0,0,0,0,0,0,0,0,0,0,0,0,0,0,0,0,0,0,0,0,0,0,0,0,0,0,0,0,0,0,0,0,0,0,0,0
Africa,        Burundi,Petroleum,0,0,0,0,0,0,0,0,0,0,0,0,0,0,0,0,0,0,0,0,0,0,0,0,0,0,0,0,0,0,0,0,0,0,0,0,0,0,0,0,0,0,0
Africa,        Cabo Verde,Petroleum,0,0,0,0,0,0,0,0,0,0,0,0,0,0,0,0,0,0,0,0,0,0,0,0,0,0,0,0,0,0,0,0,0,0,0,0,0,0,0,0,0,0,0
Africa,        Cameroon,Petroleum,37.0030182,55.3550616,69.3520848,72.534825,86.1303423,117.7086348,112.6180089,110.7101232,103.9945724,108.1642563,102.4379136,97.34783071,89.3204916,80.54532841,68.68125226,70.6248969,68.91483843,78.89628126,76.98750023,63.62603332,54.11699178,48.76717536,44.42317342,42.62944229,42.10125894,52.37381289,54.97463593,52.69978732,51.88572268,48.93103431,41.35692151,39.23198641,40.19422109,39.92925797,47.71952484,62.35351253,58.69632307,48.32998614,43.80957452,44.03819344,42.53371655,40.21364606,2712.263193
Africa,        Central African Republic,Petroleum,0,0,0,0,0,0,0,0,0,0,0,0,0,0,0,0,0,0,0,0,0,0,0,0,0,0,0,0,0,0,0,0,0,0,0,0,0,0,0,0,0,0,0
Africa,        Chad,Petroleum,0,0,0,0,0,0,0,0,0,0,0,0,0,0,0,0,0,0,0,0,0,0,0,24.07558327,114.1784308,117.9182385,105.409542,96.25478541,85.11399899,79.74659778,81.7820041,76.73829284,69.93348879,66.7496232,80.76704407,82.10203654,76.30304872,85.38552863,87.78592697,85.4395177,77.519172,58.6939495,1551.89681
Africa,        Comoros,Petroleum,0,0,0,0,0,0,0,0,0,0,0,0,0,0,0,0,0,0,0,0,0,0,0,0,0,0,0,0,0,0,0,0,0,0,0,0,0,0,0,0,0,0,0
Africa,        Congo-Brazzaville,Petroleum,40.3000557,51.3194877,55.0268232,53.7900678,75.0171279,74.1936012,73.5752235,76.0487343,89.27771862,101.3995947,102.017885,96.45327293,107.8772435,111.9105282,111.2329501,116.1606385,124.5710793,162.1552717,169.430769,172.9123255,179.2554338,163.0643552,159.2032192,156.8073283,149.6207636,144.8840646,152.2004994,131.3488939,147.8901867,168.8726389,213.0453614,181.765333,166.0775685,152.1456883,147.9588522,150.7061138,126.020762,155.1087016,213.7785241,206.6458111,178.3564357,166.7704589,5576.197394
Africa,        Congo-Kinshasa,Petroleum,12.6108021,12.5785644,14.4630045,15.7232055,20.1778695,20.7522867,20.1251169,20.1251169,18.9176685,17.60824874,18.23711483,17.60824874,16.3953126,15.72165076,16.5141941,18.86598092,18.9176685,17.81499937,16.87773044,13.83505279,16.3953126,15.09278467,14.25372233,13.83505279,13.29577849,12.41881194,12.57732061,13.93325908,12.58507378,13.83505279,13.2061867,12.67897282,12.6117789,12.57732061,12.57732061,12.57732061,12.6117789,11.94845452,15.72165076,15.09278467,14.50354575,13.83505279,642.0341735
Africa,        Côte d’Ivoire,Petroleum,0.6330312,4.4165649,5.6796966,14.5157571,17.085981,17.672121,12.6225249,11.3593932,7.5934437,1.262116212,1.262116212,1.262116212,0.949180463,0.315520334,4.291194829,5.063160259,10.1245917,11.84314421,12.62116095,9.465870861,7.275321197,6.941638436,7.572696689,11.99010299,16.45246125,24.61126394,39.12559907,32.81501859,37.43885872,36.48604741,27.66108957,24.98298309,23.99230831,23.34914773,22.71808977,18.6706735,25.64343275,23.99508368,23.33296734,24.80959848,23.26380399,20.81335018,653.9802225
Africa,        Djibouti,Petroleum,0,0,0,0,0,0,0,0,0,0,0,0,0,0,0,0,0,0,0,0,0,0,0,0,0,0,0,0,0,0,0,0,0,0,0,0,0,0,0,0,0,0,0
Africa,        Egypt,Petroleum,386.9596962,387.8025854,435.0015189,473.7680782,535.3951601,576.1650214,527.6977132,580.8083293,557.208578,571.7398247,574.1657407,577.4416449,567.1821352,573.3088787,576.986533,592.8417085,596.5843891,554.7025754,540.8813898,555.3175248,506.6592158,476.360913,471.9986622,471.0044295,446.1548803,429.9490527,416.6204249,414.9302656,422.4802675,428.9129556,435.032208,438.641064,442.7147426,441.7530173,442.0453429,451.2825163,432.3140845,442.3562565,453.2594484,444.7051633,423.4347332,408.1138894,20482.68256
Africa,        Equatorial Guinea,Petroleum,0,0,0,0,0,0,0,0,0,0,0,0.058448709,0.937741354,2.630191883,2.928840764,2.923396109,9.963503135,30.63993394,48.51242807,59.61768269,98.1698103,106.0483759,124.2395356,120.6766385,215.3853525,217.5036589,209.0652194,211.8973734,207.1321282,198.6061229,184.8492843,171.5954397,178.7367597,166.7908595,159.7647952,153.9199244,140.4271715,115.7308909,106.1922367,95.80940986,90.82904921,81.81287609,3513.395079
Africa,        Eritrea,Petroleum,0,0,0,0,0,0,0,0,0,0,0,0,0,0,0,0,0,0,0,0,0,0,0,0,0,0,0,0,0,0,0,0,0,0,0,0,0,0,0,0,0,0,0
Africa,        Eswatini,Petroleum,0,0,0,0,0,0,0,0,0,0,0,0,0,0,0,0,0,0,0,0,0,0,0,0,0,0,0,0,0,0,0,0,0,0,0,0,0,0,0,0,0,0,0
Africa,        Ethiopia,Petroleum,0,0,0,0,0,0,0,0,0,0,0,0,0,0,0,0,0,0,0,0,0,0,0,0,0,0,0,0,0,0,0,0,0,0,0,0,0,0,0,0,0,0,0
Africa,        Gabon,Petroleum,110.5254891,95.1070764,98.2546482,98.8847487,99.1573038,108.3333255,104.5527225,97.6245477,100.4203016,131.008511,170.0056308,185.1599611,187.9882401,197.429067,206.9354668,229.7101024,232.6470952,233.2510594,221.560034,208.4971463,198.9458804,170.0591249,158.2179709,152.0558084,150.9790261,167.7393355,149.4125148,153.8219989,156.7166882,152.5044675,154.8651056,152.0161191,145.2620713,138.5666943,138.5666943,134.3648275,133.1482708,125.2449647,123.3467911,127.0913705,109.6626828,110.2493911,6319.890275
Africa,"        Gambia, The",Petroleum,0,0,0,0,0,0,0,0,0,0,0,0,0,0,0,0,0,0,0,0,0,0,0,0,0,0,0,0,0,0,0,0,0,0,0,0,0,0,0,0,0,0,0
Africa,        Ghana,Petroleum,1.2660624,1.2631317,1.2631317,1.2631317,1.2660624,0.6301005,0.1904955,0,0,0,0,0,0.70038865,1.015963496,0.888968059,2.539908739,3.82030109,3.174885924,3.174885924,3.809863109,4.457017938,4.444840294,4.444840294,4.444840294,4.457017938,3.809863109,3.809863109,3.809863109,3.82030109,3.809863109,4.564877076,48.58358312,49.89007043,62.17209488,66.68478205,64.99382911,62.62788672,95.72028816,109.6219393,126.9966409,127.008138,114.2257373,1000.665458
Africa,        Guinea,Petroleum,0,0,0,0,0,0,0,0,0,0,0,0,0,0,0,0,0,0,0,0,0,0,0,0,0,0,0,0,0,0,0,0,0,0,0,0,0,0,0,0,0,0,0
Africa,        Guinea-Bissau,Petroleum,0,0,0,0,0,0,0,0,0,0,0,0,0,0,0,0,0,0,0,0,0,0,0,0,0,0,0,0,0,0,0,0,0,0,0,0,0,0,0,0,0,0,0
Africa,        Kenya,Petroleum,0,0,0,0,0,0,0,0,0,0,0,0,0,0,0,0,0,0,0,0,0,0,0,0,0,0,0,0,0,0,0,0,0,0,0,0,0,0,0,0,0,0,0
Africa,        Lesotho,Petroleum,0,0,0,0,0,0,0,0,0,0,0,0,0,0,0,0,0,0,0,0,0,0,0,0,0,0,0,0,0,0,0,0,0,0,0,0,0,0,0,0,0,0,0
Africa,        Liberia,Petroleum,0,0,0,0,0,0,0,0,0,0,0,0,0,0,0,0,0,0,0,0,0,0,0,0,0,0,0,0,0,0,0,0,0,0,0,0,0,0,0,0,0,0,0
Africa,        Libya,Petroleum,1125.524242,720.6647057,729.0101377,696.7983228,690.7022912,666.1063109,652.5312722,614.3315026,741.6892661,726.7261948,865.6991597,934.8362097,906.326797,859.7684097,870.0903277,877.2919345,890.613985,921.1418621,886.7083832,842.7124001,901.4332777,873.0413985,844.7682128,907.7791942,970.3264808,1061.305148,1132.289249,1170.69445,1182.0836,1118.41686,1121.505634,317.0542351,941.5795402,635.1613224,349.2168265,300.5809213,291.7902539,559.2249647,643.7151466,733.5852156,257.4461209,771.6416962,33303.91345
Africa,        Madagascar,Petroleum,0,0,0,0,0,0,0,0,0,0,0,0,0,0,0,0,0,0,0,0,0,0,0,0,0,0,0,0,0,0,0,0,0,0,0,0,0,0,0,0,0,0,0
Africa,        Malawi,Petroleum,0,0,0,0,0,0,0,0,0,0,0,0,0,0,0,0,0,0,0,0,0,0,0,0,0,0,0,0,0,0,0,0,0,0,0,0,0,0,0,0,0,0,0
Africa,        Mali,Petroleum,0,0,0,0,0,0,0,0,0,0,0,0,0,0,0,0,0,0,0,0,0,0,0,0,0,0,0,0,0,0,0,0,0,0,0,0,0,0,0,0,0,0,0
Africa,        Mauritania,Petroleum,0,0,0,0,0,0,0,0,0,0,0,0,0,0,0,0,0,0,0,0,0,0,0,0,0,0,19.17717612,9.389540779,8.05969902,7.043022192,5.15595091,4.846181781,4.13059159,4.227867384,3.75975781,3.285996088,3.037186985,0,0,0,0,0,72.11297066
Africa,        Mauritius,Petroleum,0,0,0,0,0,0,0,0,0,0,0,0,0,0,0,0,0,0,0,0,0,0,0,0,0,0,0,0,0,0,0,0,0,0,0,0,0,0,0,0,0,0,0
Africa,        Morocco,Petroleum,0.615447,0.6125163,0.6125163,0.6125163,0.615447,0.6125163,0.305918482,0.2461788,0.2461788,0.184129727,0.184129727,0.184129727,0.1230894,0.122752956,0.122752956,0.184129727,0.1846341,0,0.061376478,0.122752956,0.1846341,0.245506204,0.15957896,0.122752956,0.1230894,0.085927245,0.122752956,0.135028486,0.11078046,0.098202482,0.122752956,0.122752956,0.08616258,0.098202482,0.098202482,0.098202482,0.09847152,0.098202482,0.061376478,0.042963476,0.03077235,0.015356868,8.314772788
Africa,        Mozambique,Petroleum,0,0,0,0,0,0,0,0,0,0,0,0,0,0,0,0,0,0,0,0,0,0,0,0,0,0,0,0,0,0,0,0,0,0,0,0,0,0,0,0,0,0,0
Africa,        Namibia,Petroleum,0,0,0,0,0,0,0,0,0,0,0,0,0,0,0,0,0,0,0,0,0,0,0,0,0,0,0,0,0,0,0,0,0,0,0,0,0,0,0,0,0,0,0
Africa,        Niger,Petroleum,0,0,0,0,0,0,0,0,0,0,0,0,0,0,0,0,0,0,0,0,0,0,0,0,0,0,0,0,0,0,0,4.257867495,12.72146533,12.68670723,12.68670723,8.880695061,8.268952466,8.218683634,7.612024338,6.977688977,6.040958128,5.074682892,93.42643278
Africa,        Nigeria,Petroleum,1296.002818,901.4608588,814.5261803,780.6662086,875.3782153,940.2046428,922.7405429,843.2788329,914.5652614,1079.311772,1138.467905,1189.91904,1225.197593,1232.724443,1214.526882,1253.417274,1261.799181,1341.339407,1354.498173,1339.657511,1365.489086,1419.094342,1332.109659,1430.947131,1468.901707,1652.626251,1534.643679,1477.896932,1365.76653,1389.000506,1537.885565,1579.2247,1573.055434,1474.540478,1499.612098,1386.529979,1202.653538,1247.219721,1226.51217,1247.353738,1152.033233,1007.382304,52490.16153
Africa,        Reunion,Petroleum,0,0,0,0,0,0,0,0,0,0,0,0,0,0,0,0,0,0,0,0,0,0,0,0,0,0,0,0,0,0,0,0,0,0,0,0,0,0,0,0,0,0,0
Africa,        Rwanda,Petroleum,0,0,0,0,0,0,0,0,0,0,0,0,0,0,0,0,0,0,0,0,0,0,0,0,0,0,0,0,0,0,0,0,0,0,0,0,0,0,0,0,0,0,0
Africa,        Saint Helena,Petroleum,0,0,0,0,0,0,0,0,0,0,0,0,0,0,0,0,0,0,0,0,0,0,0,0,0,0,0,0,0,0,0,0,0,0,0,0,0,0,0,0,0,0,0
Africa,        Sao Tome and Principe,Petroleum,0,0,0,0,0,0,0,0,0,0,0,0,0,0,0,0,0,0,0,0,0,0,0,0,0,0,0,0,0,0,0,0,0,0,0,0,0,0,0,0,0,0,0
Africa,        Senegal,Petroleum,0,0,0,0,0,0,0,0,0,0,0,0,0,0,0,0,0,0,0,0,0,0,0,0,0,0,0,0,0,0,0,0,0,0,0,0,0,0,0,0,0,0,0
Africa,        Seychelles,Petroleum,0,0,0,0,0,0,0,0,0,0,0,0,0,0,0,0,0,0,0,0,0,0,0,0,0,0,0,0,0,0,0,0,0,0,0,0,0,0,0,0,0,0,0
Africa,        Sierra Leone,Petroleum,0,0,0,0,0,0,0,0,0,0,0,0,0,0,0,0,0,0,0,0,0,0,0,0,0,0,0,0,0,0,0,0,0,0,0,0,0,0,0,0,0,0,0
Africa,        Somalia,Petroleum,0,0,0,0,0,0,0,0,0,0,0,0,0,0,0,0,0,0,0,0,0,0,0,0,0,0,0,0,0,0,0,0,0,0,0,0,0,0,0,0,0,0,0
Africa,        South Africa,Petroleum,0,0,0,0,0,0,0,0,0,0,0,0,0.947470399,5.470366956,5.470366956,5.470366956,5.485354263,5.470366956,16.36275018,19.95217922,19.6162958,19.40009601,15.51147679,21.21900771,36.46888582,23.80204903,15.67829076,12.70077078,11.38377604,4.90706004,4.600349097,4.90706004,4.867451337,4.653401801,4.301927639,4.301927639,2.709586305,2.328585634,2.065237328,1.842076245,1.658429205,1.562458451,285.1154214
Africa,        South Sudan,Petroleum,0,0,0,0,0,0,0,0,0,0,0,0,0,0,0,0,0,0,0,0,0,0,0,0,0,0,0,0,0,0,0,0,12.43981334,62.96015864,80.35912902,83.01082345,83.1402077,81.64359388,84.72595115,85.44259552,88.63266774,85.44903485,747.8039753
Africa,        Sudan,Petroleum,0,0,0,0,0,0,0,0,0,0,0,0,0.163598415,0.163151483,0.054383828,0.108767655,1.086484637,2.707867742,5.438382762,37.58443977,101.4310534,113.7337182,129.8507007,146.6947876,186.7823734,190.3433967,205.6304671,252.2172928,260.558133,262.9197321,264.4156599,246.5002861,50.19009263,72.76846539,61.8359556,58.93539199,57.18943714,55.66067617,36.60260193,37.98715693,35.29655717,36.38927159,2911.240284
Africa,        Tanzania,Petroleum,0,0,0,0,0,0,0,0,0,0,0,0,0,0,0,0,0,0,0,0,0,0,0,0,0,0,0,0,0,0,0,0,0,0,0,0,0,0,0,0,0,0,0
Africa,        Togo,Petroleum,0,0,0,0,0,0,0,0,0,0,0,0,0,0,0,0,0,0,0,0,0,0,0,0,0,0,0,0,0,0,0,0,0,0,0,0,0,0,0,0,0,0,0
Africa,        Tunisia,Petroleum,66.9840792,71.6585457,72.8718555,72.8718555,73.0711431,69.2289954,67.4061,65.7498149,65.02541766,66.0622747,58.77514219,65.45501373,68.67896631,61.35147397,57.51657916,54.59770981,53.43435995,51.4382889,49.19391869,51.05895873,48.85554945,43.65477934,47.40931757,46.74326764,49.49170331,46.46452378,47.33798141,51.96642742,51.88737911,48.97146097,47.34236309,40.44450111,39.9251588,38.3653963,31.95837674,23.70129039,24.98407507,25.04644476,23.96573917,22.48320853,20.78569609,25.1593658,2109.374499
Africa,        Uganda,Petroleum,0,0,0,0,0,0,0,0,0,0,0,0,0,0,0,0,0,0,0,0,0,0,0,0,0,0,0,0,0,0,0,0,0,0,0,0,0,0,0,0,0,0,0
Africa,        Western Sahara,Petroleum,0,0,0,0,0,0,0,0,0,0,0,0,0,0,0,0,0,0,0,0,0,0,0,0,0,0,0,0,0,0,0,0,0,0,0,0,0,0,0,0,0,0,0
Africa,        Zambia,Petroleum,0,0,0,0,0,0,0,0,0,0,0,0,0,0,0,0,0,0,0,0,0,0,0,0,0,0,0,0,0,0,0,0,0,0,0,0,0,0,0,0,0,0,0
Africa,        Zimbabwe,Petroleum,0,0,0,0,0,0,0,0,0,0,0,0,0,0,0,0,0,0,0,0,0,0,0,0,0,0,0,0,0,0,0,0,0,0,0,0,0,0,0,0,0,0,0
Asia & Oceania,        Afghanistan,Petroleum,0,0,0,0,0,0,0,0,0,0,0,0,0,0,0,0,0,0,0,0,0,0,0,0,0,0,0,0,0,0,0,0,0,0,0,0,0,0,0,0,0,0,0
Asia & Oceania,        American Samoa,Petroleum,0,0,0,0,0,0,0,0,0,0,0,0,0,0,0,0,0,0,0,0,0,0,0,0,0,0,0,0,0,0,0,0,0,0,0,0,0,0,0,0,0,0,0
Asia & Oceania,        Australia,Petroleum,258.1912704,265.9554567,247.7626089,272.0815575,319.219921,372.9199255,337.8074286,356.2149355,352.723771,322.2016281,372.0015669,353.1833787,345.8670584,325.3695671,345.713663,359.0741894,369.4023909,383.1861884,356.5785295,354.6259694,463.934126,425.9772154,410.2139598,341.769587,298.8433398,313.1666076,301.9028942,304.7556859,308.3223074,311.9938634,318.0325819,273.5883344,270.116379,226.1910219,237.6491073,214.7449342,198.7412103,180.7145868,196.1296714,257.4071276,257.1783956,246.5333848,13027.98733
Asia & Oceania,        Bangladesh,Petroleum,0,0,0,0.123740602,0.248159367,0.439321015,0.441745876,0.440623418,0.503110338,0.396451615,0.582334779,0.520373627,0.646061092,0.706257084,0.954101401,0.768217943,0.956715292,1.078023413,1.01606226,0.954101401,1.640154532,2.181440169,3.847634263,3.847634263,3.814733932,3.804311191,3.804311191,3.804311191,3.607631035,3.184700252,3.184700252,3.184700252,2.986322635,2.565089607,2.565089607,2.565089607,2.572117132,7.470109293,7.057601253,6.624370525,6.55731904,6.401176033,98.04594778
Asia & Oceania,        Bhutan,Petroleum,0,0,0,0,0,0,0,0,0,0,0,0,0,0,0,0,0,0,0,0,0,0,0,0,0,0,0,0,0,0,0,0,0,0,0,0,0,0,0,0,0,0,0
Asia & Oceania,        Brunei,Petroleum,164.7519528,114.311404,108.6639451,113.6842342,107.9032306,103.2161475,111.3722856,92.50801148,91.50265419,87.63375652,98.92652876,105.8276673,109.6006463,109.7832002,111.3112482,108.3049985,103.0755972,107.6361202,109.2827521,124.7385524,132.048607,133.0837306,114.7945686,119.1510691,124.6544008,128.3498333,135.4588675,103.5575494,95.57551568,90.32592685,92.84377592,104.2936474,97.87405636,82.97463605,77.70310273,77.89961583,74.32241865,69.1968002,68.1903137,74.44883704,67.70146034,65.64803784,4314.131704
Asia & Oceania,        Burma,Petroleum,19.371927,17.3878431,19.3191744,19.3191744,20.6643657,19.3191744,15.4565118,10.9461645,8.720969273,10.12460694,8.836673896,10.12460694,9.273423808,9.201575646,8.98922152,6.321611924,5.259123566,5.888721158,7.1766542,6.210704272,7.868164587,6.519199425,9.752520576,9.738567514,12.98457537,12.96630744,14.90425362,13.72041348,13.88152607,11.73911345,13.18406871,12.97235377,13.00789437,12.97235377,12.69888839,9.752520576,9.779240061,7.1766542,5.888721158,5.244754344,5.167036283,5.003374565,464.8347302
Asia & Oceania,        Cambodia,Petroleum,0,0,0,0,0,0,0,0,0,0,0,0,0,0,0,0,0,0,0,0,0,0,0,0,0,0,0,0,0,0,0,0,0,0,0,0,0,0,0,0,0,0,0
Asia & Oceania,        China,Petroleum,1333.000331,1265.581953,1286.058566,1332.975423,1447.656966,1575.44841,1647.846827,1691.687961,1721.748525,1733.692082,1744.513463,1782.875961,1793.853868,1817.339123,1848.460155,1880.383153,1974.632498,2012.632376,2011.271238,2009.269158,2048.68014,2075.307553,2131.685449,2143.772012,2197.85055,2270.257319,2310.576818,2350.777814,2391.403767,2388.502707,2566.532558,2549.55706,2570.427212,2620.707447,2648.653682,2692.322097,2514.167097,2405.421729,2383.73828,2407.642624,2454.580257,2509.936468,86543.42869
Asia & Oceania,        Cook Islands,Petroleum,0,0,0,0,0,0,0,0,0,0,0,0,0,0,0,0,0,0,0,0,0,0,0,0,0,0,0,0,0,0,0,0,0,0,0,0,0,0,0,0,0,0,0
Asia & Oceania,        Fiji,Petroleum,0,0,0,0,0,0,0,0,0,0,0,0,0,0,0,0,0,0,0,0,0,0,0,0,0,0,0,0,0,0,0,0,0,0,0,0,0,0,0,0,0,0,0
Asia & Oceania,        French Polynesia,Petroleum,0,0,0,0,0,0,0,0,0,0,0,0,0,0,0,0,0,0,0,0,0,0,0,0,0,0,0,0,0,0,0,0,0,0,0,0,0,0,0,0,0,0,0
Asia & Oceania,        Guam,Petroleum,0,0,0,0,0,0,0,0,0,0,0,0,0,0,0,0,0,0,0,0,0,0,0,0,0,0,0,0,0,0,0,0,0,0,0,0,0,0,0,0,0,0,0
Asia & Oceania,        Hawaiian Trade Zone,Petroleum,0,0,0,0,0,0,0,0,0,0,0,0,0,0,0,0,0,0,0,0,0,0,0,0,0,0,0,0,0,0,0,0,0,0,0,0,0,0,0,0,0,0,0
Asia & Oceania,        Hong Kong,Petroleum,0,0,0,0,0,0,0,0,0,0,0,0,0,0,0,0,0,0,0,0,0,0,0,0,0,0,0,0,0,0,0,0,0,0,0,0,0,0,0,0,0,0,0
Asia & Oceania,        India,Petroleum,111.8413734,199.3671978,239.4965109,294.6522849,319.9202528,380.940592,388.5448793,376.6603046,394.6575575,433.905644,409.3922156,381.8146085,358.5583091,341.9339354,383.5396789,454.2275741,439.5372021,455.2595676,449.62878,444.2593317,441.5935195,442.8904357,463.9720596,464.5202329,478.9901424,463.9138134,480.1892641,479.6307642,480.5719506,471.591141,517.3101932,535.5768058,534.4659278,529.6364844,525.5967709,519.408582,508.5487237,511.012087,500.2619977,474.4023584,444.4830877,429.6658633,17956.37001
Asia & Oceania,        Indonesia,Petroleum,1016.826059,1042.371008,856.9050284,865.4411611,902.0216896,832.6744698,866.5045363,837.6459334,839.3262816,896.4124587,931.1265941,1010.513846,958.6658002,961.8795493,962.0366465,955.6733272,987.6175367,970.0976166,970.0729562,941.6601843,918.6393617,858.2218679,801.6617736,743.112608,706.3695456,661.0376573,623.7206483,591.7950031,611.3795788,598.2115255,600.1493796,571.2438978,549.4074441,524.9088749,504.4332428,500.2733515,527.2658784,504.8893119,484.8924125,467.2636035,447.1734123,414.9365552,31816.45962
Asia & Oceania,        Japan,Petroleum,6.794621629,4.882528616,6.145660316,6.145660316,5.251832277,7.130411856,8.34478638,7.8043061,7.779095632,7.126783064,7.126783064,9.651015489,10.94303041,11.87669926,8.737759254,8.885657029,9.188894507,8.282114826,8.178974994,7.496049212,8.142546393,8.163031399,8.064120274,8.246767653,8.902148371,9.707219574,9.803548752,10.16707542,10.55957323,9.756591612,9.312329729,8.934085381,8.613020163,8.498700003,8.089435368,7.771312865,6.192317646,5.990367505,5.332509466,5.600975067,5.482850859,5.243922025,334.347113
Asia & Oceania,        Kiribati,Petroleum,0,0,0,0,0,0,0,0,0,0,0,0,0,0,0,0,0,0,0,0,0,0,0,0,0,0,0,0,0,0,0,0,0,0,0,0,0,0,0,0,0,0,0
Asia & Oceania,        Laos,Petroleum,0,0,0,0,0,0,0,0,0,0,0,0,0,0,0,0,0,0,0,0,0,0,0,0,0,0,0,0,0,0,0,0,0,0,0,0,0,0,0,0,0,0,0
Asia & Oceania,        Macau,Petroleum,0,0,0,0,0,0,0,0,0,0,0,0,0,0,0,0,0,0,0,0,0,0,0,0,0,0,0,0,0,0,0,0,0,0,0,0,0,0,0,0,0,0,0
Asia & Oceania,        Malaysia,Petroleum,172.3280907,160.8837072,186.480441,222.4342686,273.6044664,272.8599368,311.3898453,308.0664403,335.1884554,361.6962647,382.888077,399.3422521,405.1869577,398.0448766,401.0831905,425.3556057,434.1803892,450.0565136,481.2963856,462.4400997,452.4114372,434.7507819,461.0317325,487.3995118,480.2651801,460.1593458,435.2779991,435.2554699,438.3789894,414.6321548,419.1560419,379.0526295,384.3159524,366.4646006,383.9724512,413.7608914,433.5694235,427.6453909,424.1806189,395.5921436,362.5569454,333.0525835,16067.68854
Asia & Oceania,        Maldives,Petroleum,0,0,0,0,0,0,0,0,0,0,0,0,0,0,0,0,0,0,0,0,0,0,0,0,0,0,0,0,0,0,0,0,0,0,0,0,0,0,0,0,0,0,0
Asia & Oceania,        Micronesia,Petroleum,0,0,0,0,0,0,0,0,0,0,0,0,0,0,0,0,0,0,0,0,0,0,0,0,0,0,0,0,0,0,0,0,0,0,0,0,0,0,0,0,0,0,0
Asia & Oceania,        Mongolia,Petroleum,0,0,0,0,0,0,0,0,0,0,0,0,0,0,0,0,0,0,0.064289301,0.128578601,0.115393089,0.129864299,0.244942338,0.322089498,0.379701492,0.3535913,0.66346564,1.497297854,2.068051093,3.293540882,3.841928484,4.489512074,6.404323898,9.033608436,13.04302906,14.90004748,15.1018209,12.85786011,12.47782042,11.86945868,11.32152738,10.7384655,135.3402078
Asia & Oceania,        Nauru,Petroleum,0,0,0,0,0,0,0,0,0,0,0,0,0,0,0,0,0,0,0,0,0,0,0,0,0,0,0,0,0,0,0,0,0,0,0,0,0,0,0,0,0,0,0
Asia & Oceania,        Nepal,Petroleum,0,0,0,0,0,0,0,0,0,0,0,0,0,0,0,0,0,0,0,0,0,0,0,0,0,0,0,0,0,0,0,0,0,0,0,0,0,0,0,0,0,0,0
Asia & Oceania,        New Caledonia,Petroleum,0,0,0,0,0,0,0,0,0,0,0,0,0,0,0,0,0,0,0,0,0,0,0,0,0,0,0,0,0,0,0,0,0,0,0,0,0,0,0,0,0,0,0
Asia & Oceania,        New Zealand,Petroleum,4.523245897,6.257023985,9.167209085,9.600867695,10.79375989,12.36460425,18.18497445,17.60469585,21.00895741,23.86184908,25.02596649,26.04393019,24.18948376,25.93974938,25.30187695,20.93830263,23.50160069,36.53539161,30.18588967,27.50310931,24.50831432,22.79085671,21.11005894,16.14414897,13.79552556,13.66178717,12.55986243,25.65073722,36.24848106,33.7313292,33.02110307,28.44853056,26.01702373,22.27035736,26.05797792,26.64568203,22.89099433,10.53526893,9.012948467,9.320751096,8.096979576,7.037031255,848.0882382
Asia & Oceania,        Niue,Petroleum,0,0,0,0,0,0,0,0,0,0,0,0,0,0,0,0,0,0,0,0,0,0,0,0,0,0,0,0,0,0,0,0,0,0,0,0,0,0,0,0,0,0,0
Asia & Oceania,        North Korea,Petroleum,0,0,0,0,0,0,0,0,0,0,0,0,0,0,0,0,0,0,0,0,0,0,0,0,0,0,0,0,0,0,0,0,0,0,0,0,0,0,0,0,0,0,0
Asia & Oceania,        Northern Mariana Islands,Petroleum,0,0,0,0,0,0,0,0,0,0,0,0,0,0,0,0,0,0,0,0,0,0,0,0,0,0,0,0,0,0,0,0,0,0,0,0,0,0,0,0,0,0,0
Asia & Oceania,        Pakistan,Petroleum,6.289548601,6.274638078,7.508462778,8.126840478,10.62672699,21.72235778,26.04807098,26.04807098,27.97971352,29.75724842,38.40916484,39.25098028,39.20778645,38.20206223,35.23184936,37.56403565,35.48966363,36.62868516,35.52558698,34.81676143,35.41209298,39.21374456,41.9466481,39.38340982,40.76538668,41.9594324,41.98392016,45.22868042,41.31477775,40.43062102,42.03381269,42.65830676,45.87361465,51.92821724,59.96213958,57.62222797,54.86077179,63.3447547,63.77348797,60.93410155,54.35563429,59.41131774,1605.105355
Asia & Oceania,        Papua New Guinea,Petroleum,0,0,0,0,0,0,0,0,0,0,0,0.119956775,31.87563722,75.70751407,65.82997745,60.0128955,62.16390123,48.04186667,47.42072063,57.97363033,42.13718668,40.48541134,33.0801347,30.28497752,27.4125879,24.16011609,29.08705302,23.06949536,24.87213346,23.72021978,18.47005683,17.49068371,16.43736463,18.25479193,29.60138823,34.48839437,33.67498884,30.24085964,21.36026921,21.20457841,23.67068597,22.33164943,1034.681127
Asia & Oceania,        Philippines,Petroleum,9.4925373,1.2631317,5.0495961,8.20596,7.5934437,5.6796966,5.0495961,3.7864644,3.7981872,3.15650809,2.967117464,1.893904796,5.0642496,5.744844596,3.859760621,2.122211015,1.2660624,0.631301501,0.505041377,0.568171585,0.724187693,5.340984464,6.219583413,8.699967584,15.82578,15.78254016,15.78254016,15.54410017,15.54186199,22.09555634,20.83295305,21.46425455,18.990936,22.09555634,23.98946114,15.22907014,12.660624,1.893904796,1.262603295,0.631301501,0.621717819,0.601748029,339.5290188
Asia & Oceania,        Samoa,Petroleum,0,0,0,0,0,0,0,0,0,0,0,0,0,0,0,0,0,0,0,0,0,0,0,0,0,0,0,0,0,0,0,0,0,0,0,0,0,0,0,0,0,0,0
Asia & Oceania,        Singapore,Petroleum,0,0,0,0,0,0,0,0,0,0,0,0,0,0,0,0,0,0,0,0,0,0,0,0,0,0,0,0,0,0,0,0,0,0,0,0,0,0,0,0,0,0,0
Asia & Oceania,        Solomon Islands,Petroleum,0,0,0,0,0,0,0,0,0,0,0,0,0,0,0,0,0,0,0,0,0,0,0,0,0,0,0,0,0,0,0,0,0,0,0,0,0,0,0,0,0,0,0
Asia & Oceania,        South Korea,Petroleum,0,0,0,0,0,0,0,0,0,0,0,0,0,0,0,0,0,0,0,0,0,0,0,0,0,0,0,0,0,0,0,0,0,0,0,0,0,0,0,0,0,0,0
Asia & Oceania,        Sri Lanka,Petroleum,0,0,0,0,0,0,0,0,0,0,0,0,0,0,0,0,0,0,0,0,0,0,0,0,0,0,0,0,0,0,0,0,0,0,0,0,0,0,0,0,0,0,0
Asia & Oceania,        Taiwan,Petroleum,4.20867042,4.076530433,3.255852373,3.255852373,3.267651957,2.17173076,2.17173076,2.84872246,2.176503991,2.170557307,2.43751096,1.896618038,1.766220644,1.111974107,1.206281102,1.015920707,1.223845667,0.962529801,0.813085788,0.745474246,0.623425831,0.663641775,0.635898597,0.642485052,0.554683332,0.389547765,0.28677808,0.219166538,0.200105851,0.19888287,0.177923383,0.144117466,0.145190395,0.144793578,0.144793578,0.144793578,0.145190395,0.144793578,0.144793578,0.144793578,0.145190395,0.39029099,49.21454408
Asia & Oceania,        Thailand,Petroleum,0.1992876,0.664716463,6.380302415,10.2254702,17.32895772,31.34955137,31.09418775,28.8142028,31.85549335,32.14516168,35.77837128,37.12976101,41.08570662,42.31776499,47.78300351,51.89368891,57.51120104,71.80155976,78.6492546,85.06984125,102.2861927,104.7806272,116.1614488,145.6712483,143.6510599,170.8936807,193.9130684,203.7461838,215.6853424,223.1143176,228.9791934,237.0416397,257.2786712,254.7958297,251.8588887,262.5909641,269.648651,262.8944255,255.5437938,254.2943954,234.4397079,213.7927828,5342.139597
Asia & Oceania,        Timor-Leste,Petroleum,0,0,0,0,0,0,0,0,0,0,0,0,0,0,0,0,0,0,0,0,0,0,0,0,29.67763684,53.83650474,61.00637437,53.02423193,58.31493965,55.87499709,50.17346677,57.01530315,61.74523022,39.91071221,25.65688642,25.65688642,17.15145284,11.97321366,8.552295473,13.11351972,8.004011324,7.982142441,638.6698053
Asia & Oceania,        Tonga,Petroleum,0,0,0,0,0,0,0,0,0,0,0,0,0,0,0,0,0,0,0,0,0,0,0,0,0,0,0,0,0,0,0,0,0,0,0,0,0,0,0,0,0,0,0
Asia & Oceania,        Tuvalu,Petroleum,0,0,0,0,0,0,0,0,0,0,0,0,0,0,0,0,0,0,0,0,0,0,0,0,0,0,0,0,0,0,0,0,0,0,0,0,0,0,0,0,0,0,0
Asia & Oceania,        U.S. Pacific Islands,Petroleum,0,0,0,0,0,0,0,0,0,0,0,0,0,0,0,0,0,0,0,0,0,0,0,0,0,0,0,0,0,0,0,0,0,0,0,0,0,0,0,0,0,0,0
Asia & Oceania,        Vanuatu,Petroleum,0,0,0,0,0,0,0,0,0,0,0,0,0,0,0,0,0,0,0,0,0,0,0,0,0,0,0,0,0,0,0,0,0,0,0,0,0,0,0,0,0,0,0
Asia & Oceania,        Vietnam,Petroleum,0,0,0,0,0,0,0.5158032,3.2208393,9.6888942,20.61316666,32.20807267,51.53291622,68.46818568,77.29934107,90.50909648,111.6340624,113.3282954,123.2024963,158.2025235,186.8068216,204.1127045,229.8015103,218.7537001,227.0713247,260.4935975,236.9745483,233.7502112,206.7010606,199.4643115,217.8166345,196.7559025,198.7113294,217.9344343,218.4572662,201.2833812,228.883271,208.6487827,179.4961958,160.0832797,147.859941,129.8859125,123.6242938,5493.794108
Asia & Oceania,        Wake Island,Petroleum,0,0,0,0,0,0,0,0,0,0,0,0,0,0,0,0,0,0,0,0,0,0,0,0,0,0,0,0,0,0,0,0,0,0,0,0,0,0,0,0,0,0,0
Middle East,        Bahrain,Petroleum,34.01158648,32.65014708,31.28088155,30.5406811,30.04315315,29.44050276,31.29294255,30.80947728,31.62380979,30.33727,28.70619478,26.19131158,26.3882933,31.28603577,31.74461852,30.36887027,26.66860714,30.19859836,28.482306,28.31203409,28.73048032,27.99102631,27.93725266,28.25088767,28.38960151,26.59574202,27.05432477,27.05432477,120.2590812,119.633685,118.4185717,124.1354134,113.4744005,129.2231063,132.2832524,132.1917738,132.1675319,130.3437649,128.9358622,128.998566,112.6597643,114.7600663,2559.865802
Middle East,        Iran,Petroleum,1053.841141,873.3414746,1398.554219,1540.383261,1377.892938,1422.095587,1288.699518,1456.717344,1424.058489,1782.335122,1961.230858,2109.292593,2189.027205,2255.136813,2304.384532,2322.559663,2355.758916,2340.411545,2323.582979,2275.335341,2369.442711,2382.552903,2209.458661,2401.555479,2576.147254,2653.956615,2593.900732,2521.389043,2616.726402,2606.008528,2660.958214,2653.435834,2236.965483,2072.51277,2152.900264,2192.811075,2752.330204,2953.24577,2811.096833,2006.405513,1828.333397,2117.119383,89423.89262
Middle East,        Iraq,Petroleum,1576.269775,624.8343413,632.4292093,628.0507904,757.0922501,896.8851396,1056.827008,1298.843364,1685.479208,1828.789966,1283.993636,189.8836604,265.3426584,325.5442597,353.2927831,360.2662686,370.4977582,728.4050287,1345.525286,1568.302603,1611.807726,1497.24177,1268.758993,820.3063683,1262.705214,1175.947758,1250.772096,1305.114473,1489.074332,1494.284781,1516.056256,1656.752784,1882.939871,1920.791025,2121.338091,2547.635732,2806.951296,2810.42846,2910.504136,2973.638451,2587.149452,2578.763667,59265.51773
Middle East,        Israel,Petroleum,22.2498744,22.8242916,0.6330312,0.6330312,0.6359619,0.6330312,0.6330312,0.191000753,0.253994098,0.189975008,0.126649907,0.126649907,0.126996902,0.094987504,0.0633251,0.0633251,0.126996902,0.189975008,0.126649907,0.126649907,0.050798702,0.05066008,0.0633251,0.03799506,0.047623875,0.0633251,0.0633251,0.0633251,0.063498598,0.0633251,0.0633251,0.246967451,0.24764415,0.246967451,0.246967451,0.246967451,0.24764415,0,0,0,0,0,52.16311373
Middle East,        Jordan,Petroleum,0,0,0,0,0,0,0.6388926,0.3194463,0.3194463,0.127429474,0.191144064,0.191144064,0,0.019752918,0,0,0,0,0,0,0.025555704,0.02549709,0.012748545,0.012748545,0.012777852,0.012748545,0.012748545,0.012748545,0.012777852,0.012748545,0.012748545,0.011459037,0.01406736,0.014008746,0.014008746,0.014008746,0.01406736,0.014008746,0.014008746,0.014008746,0.012777852,0.012748545,2.122256441
Middle East,        Kuwait,Petroleum,1094.513485,739.5561514,539.1769363,698.5807901,764.7068037,671.8755966,932.3824805,1046.445024,992.2547909,1176.43716,773.3456412,120.3405326,687.4670939,1196.985856,1320.764711,1345.686479,1347.599129,1320.202528,1372.34165,1253.505413,1371.755789,1318.728329,1255.734235,1408.346737,1567.249157,1660.177878,1664.082227,1623.174593,1706.422396,1554.09046,1524.24728,1686.60315,1763.360312,1799.74619,1794.713918,1902.485166,1984.008093,1880.584303,1902.378511,1876.141285,1703.016198,1687.258215,56028.47269
Middle East,        Lebanon,Petroleum,0,0,0,0,0,0,0,0,0,0,0,0,0,0,0,0,0,0,0,0,0,0,0,0,0,0,0,0,0,0,0,0,0,0,0,0,0,0,0,0,0,0,0
Middle East,        Oman,Petroleum,178.5086146,201.2510957,204.3898754,236.4077729,262.0983442,314.6105629,353.5331896,368.3245732,391.3685724,407.3268393,434.9505004,443.3875935,468.8008251,489.5244519,511.6214847,539.3476431,561.0334305,570.498103,567.8664237,574.3079312,612.610093,575.1510974,565.4224389,517.263986,475.4543273,490.0353743,467.0250624,448.9397771,479.4206388,512.6739999,545.1945869,558.4077325,580.6406065,592.4604654,595.7566319,619.4088258,635.623531,612.7243709,617.9652983,613.339072,601.3673466,613.4089918,20409.45208
Middle East,        Palestinian Territories,Petroleum,0,0,0,0,0,0,0,0,0,0,0,0,0,0,0,0,0,0,0,0,0,0,0,0,0,0,0,0,0,0,0,0,0,0,0,0,0,0,0,0,0,0,0
Middle East,        Qatar,Petroleum,294.9414896,260.1426436,216.0161924,192.4028611,255.760898,198.4674363,199.2467437,190.8267169,226.5602168,244.6277437,267.1104784,264.3672078,267.564117,277.5177223,276.6500915,295.24541,336.648206,368.1752312,464.3185164,455.8769369,513.683522,511.6730381,503.0716516,579.9689012,660.1876324,711.5344811,728.7899134,770.5765289,844.8476533,831.0704604,938.7225954,1018.249855,1076.967112,1059.951347,1024.336105,980.5244391,982.2941464,951.0145075,950.8028755,903.2907003,932.6075621,951.6285653,23978.26045
Middle East,        Saudi Arabia,Petroleum,6472.406872,6402.51555,4294.69878,3365.837051,3118.539931,2312.85209,3254.452841,2887.013028,3452.408432,3431.022047,4335.240088,5440.502939,5608.193367,5504.07454,5567.272521,5642.396699,5652.237916,5734.558815,5768.772097,5413.022199,5788.542136,5556.722828,5326.004816,6104.118707,6505.805452,6886.143929,6634.651213,6398.785722,6822.52262,6119.021299,5888.806347,6678.696864,6980.752581,6841.119716,6872.76242,7140.514017,7399.335166,7166.753826,7346.575591,6942.220397,6576.604502,6536.722403,238171.2004
Middle East,        Syria,Petroleum,107.9230275,109.3473477,105.3967641,110.0067552,112.2897705,117.2543763,128.2531469,151.9654406,175.5015268,224.886339,256.5051238,325.0124909,318.6371126,368.5085875,372.4483026,384.7282996,395.4263085,380.2773365,375.0977752,365.6137129,358.255918,334.4223177,335.4461694,328.6342883,315.3887048,300.692836,283.7894191,266.4144474,260.0757632,258.5122383,269.4910335,239.2457391,107.4592003,45.9523781,19.41067701,23.4415275,22.62504503,15.53683115,19.75627863,23.90150086,35.01473578,51.23924601,8799.78584
Middle East,        United Arab Emirates,Petroleum,1077.863432,941.7209823,817.5560611,769.3439829,774.6288884,816.4543526,913.1688286,1024.229037,1034.854382,1214.718891,1376.177263,1548.059081,1476.918274,1407.647653,1430.652733,1459.900039,1491.838216,1511.769119,1534.495895,1420.644553,1567.268935,1505.803874,1434.493558,1604.122227,1674.282375,1715.232538,1777.316662,1774.13715,1856.248902,1694.573738,1704.643512,1936.154867,2050.571304,2057.080021,2116.320914,2197.695304,2261.091566,2224.009045,2259.944014,2462.847823,2253.057925,2242.601925,66412.13985
Middle East,        Yemen,Petroleum,0,0,0,0,0,0,6.110157816,12.28931164,106.2951368,118.8820417,118.1991994,120.6489235,111.7678339,134.776786,205.2986448,211.2635556,209.0655154,221.8326061,237.6652079,250.5765976,268.8299198,270.0037674,269.0739726,262.9751305,248.3341232,245.0615685,229.6047944,195.1769694,183.2067269,174.6387774,171.4786062,132.5233752,103.6166279,80.04390381,76.55891935,29.1517195,11.220073,19.59779458,28.78426101,38.27531508,35.78762028,34.82046554,5173.43595
Central & South America,        Antarctica,Petroleum,0,0,0,0,0,0,0,0,0,0,0,0,0,0,0,0,0,0,0,0,0,0,0,0,0,0,0,0,0,0,0,0,0,0,0,0,0,0,0,0,0,0,0
Central & South America,        Antigua and Barbuda,Petroleum,0,0,0,0,0,0,0,0,0,0,0,0,0,0,0,0,0,0,0,0,0,0,0,0,0,0,0,0,0,0,0,0,0,0,0,0,0,0,0,0,0,0,0
Central & South America,        Argentina,Petroleum,320.95724,322.8756879,319.6724328,318.0362113,313.4183776,303.0675848,290.893457,289.0915161,302.9730569,305.9280817,320.6728387,323.180874,367.778929,395.101633,434.7495182,475.2597356,503.9999001,554.0610642,563.2210943,533.9066764,508.9549217,534.0138151,529.068001,525.323176,525.4945047,504.868899,498.6852078,486.2051501,473.4009678,452.1476431,443.460233,410.9574884,396.4818013,388.6403726,383.6522661,385.5484299,374.2001112,354.2686116,367.6003671,382.1658725,361.0208679,378.3636025,17223.36822
Central & South America,        Aruba,Petroleum,0,0,0,0,0,0,0,0,0,0,0,0,0,0,0,0,0,0,0,0,0,0,0,0,0,0,0,0,0,0,0,0,0,0,0,0,0,0,0,0,0,0,0
Central & South America,        Barbados,Petroleum,0,0,0.6271698,0.6271698,1.260201,1.2543396,1.2543396,0.877916975,0.818096992,0.690344555,0.753103151,0.753103151,0.88102762,0.815861747,0.753103151,0.815861747,0.629305401,0.564827363,1.004137535,1.192413323,0.962837231,0.797661807,0.627585959,0.627585959,0.629305401,0.627585959,0.690344555,0.627585959,0.629305401,0.627585959,0.627585959,0.627585959,0.629305401,0.627585959,0.627585959,0.627585959,0.629305401,0.627585959,0.627585959,0.627585959,0.629305401,0.627585959,29.95589654
Central & South America,        Belize,Petroleum,0,0,0,0,0,0,0,0,0,0,0,0,0,0,0,0,0,0,0,0,0,0,0,0,0,0,1.383356634,1.838378581,2.157349522,2.444903065,2.54141043,2.361525822,1.729272137,1.330364303,1.078613656,1.047023054,1.044672633,0.606498987,0.506174971,0.443793556,0.443579322,0.795005421,21.75192209
Central & South America,        Bolivia,Petroleum,18.35621672,14.88496669,16.96005468,15.76725978,15.2131113,14.57446488,12.94223496,13.09723969,13.57438695,14.13352788,14.72975711,14.72975711,15.70040993,15.606874,17.02668649,19.59203224,21.00198586,20.86111619,24.66740531,22.11337998,21.45055968,23.95654029,24.69777264,22.25898214,32.82416326,33.73035914,32.74197295,33.13383977,27.30274468,24.37633991,25.35065582,26.10020755,30.1842775,34.08273625,36.04402194,38.50178433,40.74442807,39.23499565,37.1225594,34.48319208,32.63474977,32.07481199,1018.564563
Central & South America,        Brazil,Petroleum,118.1110199,137.8392468,168.0082389,219.3129954,307.9528273,364.2863763,370.7107785,369.1894374,362.5942634,386.7920296,408.0097261,408.2867772,408.2372604,417.8696302,440.3855049,457.8313923,519.9319529,545.4423591,628.2766199,730.5075182,820.8691538,837.4289271,940.428123,970.8428066,964.6044119,1068.793312,1128.383791,1143.571402,1188.220116,1268.785407,1336.577975,1370.815344,1346.694114,1320.51737,1467.050166,1581.64208,1635.251948,1707.923679,1684.049745,1809.371567,1909.29207,1877.890874,37148.58032
Central & South America,        British Virgin Islands,Petroleum,0,0,0,0,0,0,0,0,0,0,0,0,0,0,0,0,0,0,0,0,0,0,0,0,0,0,0,0,0,0,0,0,0,0,0,0,0,0,0,0,0,0,0
Central & South America,        Cayman Islands,Petroleum,0,0,0,0,0,0,0,0,0,0,0,0,0,0,0,0,0,0,0,0,0,0,0,0,0,0,0,0,0,0,0,0,0,0,0,0,0,0,0,0,0,0,0
Central & South America,        Chile,Petroleum,25.80223214,29.79090253,31.02765793,28.55414713,28.45766145,27.14069543,23.60712553,22.98874783,19.19835043,18.04242462,17.69363029,15.39472795,14.19686763,14.13445105,13.00113764,12.3117523,11.04590208,7.6626006,7.319396874,6.86670454,6.01276157,6.350080744,6.065873767,6.094285145,5.691522268,5.319431217,4.251570007,3.303774886,3.697723683,4.05354378,6.492452391,6.539276478,6.362743126,5.885149807,5.028699623,4.314810703,3.187795951,3.186757897,4.518541244,5.850324592,4.542001791,5.623412213,486.6096489
Central & South America,        Colombia,Petroleum,83.51600199,82.64274189,92.95001379,99.33914787,109.9454168,114.8015211,198.2649615,250.1556925,245.6172732,262.4593625,286.2979503,272.0649305,281.749292,295.5522021,291.6439322,378.6230217,405.9917097,421.5595685,473.4465156,527.569472,447.4519958,403.2486372,372.4172884,349.7274269,343.0167827,340.1672279,343.5144416,343.0892656,380.8970467,432.7780715,506.7259997,590.2035589,613.2498501,650.1267867,639.0205538,649.0416469,575.1995457,551.5679295,558.8942759,572.1275083,506.0264279,475.8265183,15818.50951
Central & South America,        Costa Rica,Petroleum,0,0,0,0,0,0,0,0,0,0,0,0,0,0,0,0,0,0,0,0,0,0,0,0,0,0,0,0,0,0,0,0,0,0,0,0,0,0,0,0,0,0,0
Central & South America,        Cuba,Petroleum,3.896159329,5.937580616,7.306217516,8.674854416,10.75271017,12.55501916,13.24080296,13.24080296,11.21866333,11.18801114,10.50410123,10.50410123,11.90444713,14.60756157,17.3432018,18.55175537,21.50542033,21.77193848,22.36291238,26.91794289,28.58308897,34.19550373,32.3461359,37.72935146,39.72745553,35.7472956,35.31985184,34.56413128,35.82946041,32.98840232,36.24723404,36.24723404,35.6607576,34.87941364,34.87941364,33.51159352,31.5460548,30.09204339,29.40813318,25.98858275,24.97302311,23.19298333,997.6413481
Central & South America,        Dominica,Petroleum,0,0,0,0,0,0,0,0,0,0,0,0,0,0,0,0,0,0,0,0,0,0,0,0,0,0,0,0,0,0,0,0,0,0,0,0,0,0,0,0,0,0,0
Central & South America,        Dominican Republic,Petroleum,0,0,0,0,0,0,0,0,0,0,0,0,0,0,0,0,0,0,0,0,0,0,0,0,0,0,0,0,0,0,0,0,0,0,0,0,0,0,0,0,0,0,0
Central & South America,        Ecuador,Petroleum,131.9910417,136.1190721,135.9260978,152.7420646,166.5172192,180.9920722,188.6956654,112.3834357,194.9147374,179.4269146,183.424999,192.4053387,207.4699761,221.7768985,235.0268344,252.3840297,256.0664458,250.02623,241.997136,240.4252694,255.069543,265.1999228,252.4787083,264.22432,340.9920769,342.4499041,344.8212613,328.621509,325.8922961,312.7668657,313.0656922,321.6627896,325.6173973,339.6010838,358.9681312,350.9283814,354.5377026,342.9377405,333.8976175,342.2819944,310.0654288,305.0574144,10891.84926
Central & South America,        El Salvador,Petroleum,0,0,0,0,0,0,0,0,0,0,0,0,0,0,0,0,0,0,0,0,0,0,0,0,0,0,0,0,0,0,0,0,0,0,0,0,0,0,0,0,0,0,0
Central & South America,        Falkland Islands,Petroleum,0,0,0,0,0,0,0,0,0,0,0,0,0,0,0,0,0,0,0,0,0,0,0,0,0,0,0,0,0,0,0,0,0,0,0,0,0,0,0,0,0,0,0
Central & South America,        French Guiana,Petroleum,0,0,0,0,0,0,0,0,0,0,0,0,0,0,0,0,0,0,0,0,0,0,0,0,0,0,0,0,0,0,0,0,0,0,0,0,0,0,0,0,0,0,0
Central & South America,        Grenada,Petroleum,0,0,0,0,0,0,0,0,0,0,0,0,0,0,0,0,0,0,0,0,0,0,0,0,0,0,0,0,0,0,0,0,0,0,0,0,0,0,0,0,0,0,0
Central & South America,        Guadeloupe,Petroleum,0,0,0,0,0,0,0,0,0,0,0,0,0,0,0,0,0,0,0,0,0,0,0,0,0,0,0,0,0,0,0,0,0,0,0,0,0,0,0,0,0,0,0
Central & South America,        Guatemala,Petroleum,3.1886016,3.1798095,3.8157714,4.4488026,3.1886016,1.9078857,3.1798095,2.5438476,1.9137471,2.544691055,2.544691055,2.79916022,3.06199536,4.46192393,5.275005029,6.061942233,8.184841962,10.17876422,15.11999652,14.63197342,13.19209677,13.41052184,11.44762368,13.99231474,12.63805116,10.91254146,12.81548248,10.06285357,9.903693409,8.594693909,7.604293151,6.963146257,6.756081458,6.353199302,6.394670758,6.275804204,6.236574147,6.144597351,6.070862111,5.613029036,4.942975183,4.012392942,292.5693605
Central & South America,        Guyana,Petroleum,0,0,0,0,0,0,0,0,0,0,0,0,0,0,0,0,0,0,0,0,0,0,0,0,0,0,0,0,0,0,0,0,0,0,0,0,0,0,0,0,0,0,0
Central & South America,        Haiti,Petroleum,0,0,0,0,0,0,0,0,0,0,0,0,0,0,0,0,0,0,0,0,0,0,0,0,0,0,0,0,0,0,0,0,0,0,0,0,0,0,0,0,0,0,0
Central & South America,        Honduras,Petroleum,0,0,0,0,0,0,0,0,0,0,0,0,0,0,0,0,0,0,0,0,0,0,0,0,0,0,0,0,0,0,0,0,0,0,0,0,0,0,0,0,0,0,0
Central & South America,        Jamaica,Petroleum,0,0,0,0,0,0,0,0,0,0,0,0,0,0,0,0,0,0,0,0,0,0,0,0,0,0,0,0,0,0,0,0,0,0,0,0,0,0,0,0,0,0,0
Central & South America,        Martinique,Petroleum,0,0,0,0,0,0,0,0,0,0,0,0,0,0,0,0,0,0,0,0,0,0,0,0,0,0,0,0,0,0,0,0,0,0,0,0,0,0,0,0,0,0,0
Central & South America,        Montserrat,Petroleum,0,0,0,0,0,0,0,0,0,0,0,0,0,0,0,0,0,0,0,0,0,0,0,0,0,0,0,0,0,0,0,0,0,0,0,0,0,0,0,0,0,0,0
Central & South America,        Netherlands Antilles,Petroleum,0,0,0,0,0,0,0,0,0,0,0,0,0,0,0,0,0,0,0,0,0,0,0,0,0,0,0,0,0,0,0,0,0,0,0,0,0,0,0,0,0,0,0
Central & South America,        Nicaragua,Petroleum,0,0,0,0,0,0,0,0,0,0,0,0,0,0,0,0,0,0,0,0,0,0,0,0,0,0,0,0,0,0,0,0,0,0,0,0,0,0,0,0,0,0,0
Central & South America,        Panama,Petroleum,0,0,0,0,0,0,0,0,0,0,0,0,0,0,0,0,0,0,0,0,0,0,0,0,0,0,0,0,0,0,0,0,0,0,0,0,0,0,0,0,0,0,0
Central & South America,        Paraguay,Petroleum,0,0,0,0,0,0,0,0,0,0,0,0,0,0,0,0,0,0,0,0,0,0,0,0,0,0,0,0,0,0,0,0,0,0,0,0,0,0,0,0,0,0,0
Central & South America,        Peru,Petroleum,123.4516503,122.3595326,123.6080108,107.1551694,115.5779637,119.0069202,111.5219124,102.7884264,88.68464283,81.2847786,80.95736051,72.22488999,73.04822327,79.04681197,80.28234556,81.34528027,75.44751643,74.35246829,72.52223823,66.64533688,61.71758404,60.02421005,59.8998795,56.95379303,57.01639747,64.76543028,67.15760976,66.25233118,69.41431382,80.97570259,87.05773565,84.40870464,84.44202406,90.90072299,94.25635603,81.3217995,72.17004546,72.00631135,72.58965986,75.88665868,66.88393161,64.008645,3441.421325
Central & South America,        Puerto Rico,Petroleum,0,0,0,0,0,0,0,0,0,0,0,0,0,0,0,0,0,0,0,0,0,0,0,0,0,0,0,0,0,0,0,0,0,0,0,0,0,0,0,0,0,0,0
Central & South America,        Saint Kitts and Nevis,Petroleum,0,0,0,0,0,0,0,0,0,0,0,0,0,0,0,0,0,0,0,0,0,0,0,0,0,0,0,0,0,0,0,0,0,0,0,0,0,0,0,0,0,0,0
Central & South America,        Saint Lucia,Petroleum,0,0,0,0,0,0,0,0,0,0,0,0,0,0,0,0,0,0,0,0,0,0,0,0,0,0,0,0,0,0,0,0,0,0,0,0,0,0,0,0,0,0,0
Central & South America,        Saint Vincent/Grenadines,Petroleum,0,0,0,0,0,0,0,0,0,0,0,0,0,0,0,0,0,0,0,0,0,0,0,0,0,0,0,0,0,0,0,0,0,0,0,0,0,0,0,0,0,0,0
Central & South America,        Suriname,Petroleum,0,0,0,0,0,0.6769917,1.3510527,1.3510527,2.0339058,2.704464907,2.636853365,2.366406903,3.389843098,3.380581206,4.056697506,4.752263397,5.082912005,3.380581206,4.732813513,6.761162413,6.779685902,6.761162413,6.761162413,6.761162413,6.779685902,6.761162413,7.842420439,9.151757262,10.740449,10.81785963,10.81785963,10.81785963,10.7345029,10.14174333,10.14174333,10.81785963,10.8474975,10.81785963,10.81785963,10.81785963,10.5066609,10.02874872,255.1221446
Central & South America,        The Bahamas,Petroleum,0,0,0,0,0,0,0,0,0,0,0,0,0,0,0,0,0,0,0,0,0,0,0,0,0,0,0,0,0,0,0,0,0,0,0,0,0,0,0,0,0,0,0
Central & South America,        Trinidad and Tobago,Petroleum,136.3156491,154.6266627,115.9707297,103.0844418,109.8279825,112.7498904,108.2395431,101.1531105,101.4305373,99.22053688,96.64338011,98.68170951,90.83921551,89.81366482,88.11306284,88.09231964,87.72242925,83.69756032,82.77971373,87.09980877,87.74982485,82.59432058,89.32651888,99.48410293,92.94444664,105.4020212,107.6296184,93.25383536,91.58651382,88.81081474,85.18388504,64.73883007,61.02758795,59.6765332,58.89614054,56.18786045,57.91332033,58.75964583,52.00786693,48.76769468,45.60586004,46.34099683,3669.990188
Central & South America,        Turks and Caicos Islands,Petroleum,0,0,0,0,0,0,0,0,0,0,0,0,0,0,0,0,0,0,0,0,0,0,0,0,0,0,0,0,0,0,0,0,0,0,0,0,0,0,0,0,0,0,0
Central & South America,        U.S. Virgin Islands,Petroleum,0,0,0,0,0,0,0,0,0,0,0,0,0,0,0,0,0,0,0,0,0,0,0,0,0,0,0,0,0,0,0,0,0,0,0,0,0,0,0,0,0,0,0
Central & South America,        Uruguay,Petroleum,0,0,0,0,0,0,0,0,0,0,0,0,0,0,0,0,0,0,0,0,0,0,0,0,0,0,0,0,0,0,0,0,0,0,0,0,0,0,0,0,0,0,0
Central & South America,        Venezuela,Petroleum,1465.296959,1415.153362,1280.431539,1216.917339,1208.884754,1128.941629,1216.297942,1191.924488,1296.391118,1299.947157,1453.594244,1611.131261,1610.969893,1672.019304,1763.937412,1871.681283,2000.859682,2216.688849,2143.467936,1930.659158,2154.933807,2065.106113,1799.450257,1605.858627,1763.622405,1775.701836,1718.645866,1712.827525,1730.483144,1732.317698,1660.128542,1719.192397,1723.902513,1719.192397,1719.192397,1669.418044,1513.939453,1337.774038,995.155118,594.4799176,354.6966265,394.8392644,64456.05331
North America,        Bermuda,Petroleum,0,0,0,0,0,0,0,0,0,0,0,0,0,0,0,0,0,0,0,0,0,0,0,0,0,0,0,0,0,0,0,0,0,0,0,0,0,0,0,0,0,0,0
North America,        Canada,Petroleum,1035.727263,938.9540219,925.4060819,974.4496437,1039.370616,1057.733675,1055.869783,1110.204796,1169.890802,1144.152246,1146.553839,1145.563234,1196.756916,1259.12023,1310.516536,1369.127484,1399.014469,1465.570936,1508.385273,1463.076243,1530.607332,1563.081274,1646.274216,1741.132898,1775.765531,1747.041728,1861.254014,1942.593968,1896.459054,1875.478175,1957.504251,2054.379811,2216.200475,2338.630632,2528.949482,2586.183714,2628.937526,2843.57258,3085.046974,3148.851364,3010.736901,3179.545224,72873.67122
North America,        Greenland,Petroleum,0,0,0,0,0,0,0,0,0,0,0,0,0,0,0,0,0,0,0,0,0,0,0,0,0,0,0,0,0,0,0,0,0,0,0,0,0,0,0,0,0,0,0
North America,        Mexico,Petroleum,1323.119697,1580.452061,1865.511309,1831.654148,1892.114282,1869.584895,1701.640316,1769.213988,1762.943195,1768.79976,1807.05994,1899.788672,1897.075517,1896.077897,1929.66116,1879.764339,2027.710069,2114.181764,2160.95235,2061.890646,2135.350826,2201.273712,2222.501764,2351.391036,2376.283891,2331.133574,2281.476381,2147.74075,1953.587086,1827.094505,1813.675659,1800.892415,1794.593871,1770.944836,1710.821973,1591.985808,1515.107639,1369.399427,1272.466557,1170.681594,1182.632062,1181.128241,77041.35961
North America,        Saint Pierre and Miquelon,Petroleum,0,0,0,0,0,0,0,0,0,0,0,0,0,0,0,0,0,0,0,0,0,0,0,0,0,0,0,0,0,0,0,0,0,0,0,0,0,0,0,0,0,0,0
North America,        U.S. Territories,Petroleum,0,0,0,0,0,0,0,0,0,0,0,0,0,0,0,0,0,0,0,0,0,0,0,0,0,0,0,0,0,0,0,0,0,0,0,0,0,0,0,0,0,0,0
North America,        United States,Petroleum,6000.244248,5982.233675,5995.669827,6016.173587,6178.514392,6211.962896,6004.634915,5818.52958,5717.684477,5345.670024,5190.118335,5265.291883,5142.044419,4941.330002,4821.572594,4772.527801,4748.684151,4719.252953,4574.067866,4373.779658,4369.54666,4329.25891,4297.115075,4177.89676,4090.573509,3884.378389,3829.103538,3836.333815,3801.880096,4058.544055,4195.385126,4367.437564,4985.351103,5663.053243,6629.449258,7085.797054,6797.408856,7191.228377,8364.041,9367.751028,8903.014414,8930.066281,230974.6014
Europe,        Albania,Petroleum,29.7583278,29.6762682,43.1633496,50.583882,37.1964444,37.0938699,37.0938699,36.4198089,29.75659107,31.69860418,20.23315159,12.81432925,7.439147913,7.594176082,7.418822337,6.744383862,6.424718639,6.181736061,4.248961684,3.760224964,3.825074614,4.01425716,4.290102557,4.530202499,4.526383211,4.721068733,5.221816048,4.329340234,4.057717097,3.59392503,7.31349884,10.46395767,11.38599809,11.47099601,13.83060633,13.59778654,15.38458627,11.4654526,10.79101412,12.13989107,11.67366564,10.8538791,628.7818878
Europe,        Austria,Petroleum,18.67274521,16.55845793,17.20321193,16.55845793,15.30994515,14.62712663,14.62712663,13.79776286,15.30994515,15.26811468,14.62410567,17.20014173,15.26422945,14.33483385,13.8433241,15.06958789,14.33952063,12.55530636,13.61514801,12.04806989,12.72685167,12.93449381,13.36891528,12.90519033,13.04656114,11.74175401,12.15708109,12.45832393,12.21393638,12.29372762,12.64267024,13.19575956,12.78830376,10.86238751,11.51345424,11.07940995,9.790700564,9.134268603,8.545035542,8.075173703,6.986237535,6.981946404,548.2693445
Europe,        Belgium,Petroleum,0,0,0,0,0,0,0,0,0,0,0,0,0,0,0,0,0,0,0,0,0,0,0,0,0,0,0,0,0,0,0,0,0,0,0,0,0,0,0,0,0,0,0
Europe,        Bosnia and Herzegovina,Petroleum,0,0,0,0,0,0,0,0,0,0,0,0,0,0,0,0,0,0,0,0,0,0,0,0,0,0,0,0,0,0,0,0,0,0,0,0,0,0,0,0,0,0,0
Europe,        Bulgaria,Petroleum,1.8932322,1.8873708,1.8873708,1.8873708,2.5233327,3.7747416,3.7747416,3.7747416,2.774591282,3.144330153,2.515464064,0.754639131,0.693647747,0.628866089,0.691752757,0.628866089,0.441412363,0.377319712,0.503092754,0.503092754,0.536631099,0.379206204,0.465360871,0.377319712,0.630589048,0.628866089,0.628866089,0.628866089,0.630589048,0.628866089,0.628866089,0.628866089,0.630589048,0.628866089,0.628866089,0.628866089,0.630589048,0.628866089,0.628866089,0.628866089,0.630589048,0.628866089,48.14669928
Europe,        Croatia,Petroleum,0,0,0,0,0,0,0,0,0,0,0,0,25.28420512,25.68033759,27.5489903,23.7005369,21.53666042,21.45971225,22.65895938,18.64252471,17.9472557,16.91386333,16.21700969,16.15792737,14.97955767,13.94755885,12.75981237,11.72764884,10.86852146,12.03112312,11.40994543,10.3390234,9.256948878,9.333764283,9.023175438,8.666140272,8.949661173,9.111432003,9.098752329,8.845443429,7.865581761,7.479749831,439.4418233
Europe,        Cyprus,Petroleum,0,0,0,0,0,0,0,0,0,0,0,0,0,0,0,0,0,0,0,0,0,0,0,0,0,0,0,0,0,0,0,0,0,0,0,0,0,0,0,0,0,0,0
Europe,        Czechia,Petroleum,0,0,0,0,0,0,0,0,0,0,0,0,0,1.426100014,1.644308799,1.993276334,2.848056311,2.291979725,2.491307183,2.700646791,2.441755493,2.439260588,3.551490545,4.319675665,4.050264913,4.097593666,3.540568413,3.322127223,3.274798469,2.825173406,2.386470475,2.049706962,1.9987374,1.993276334,1.993276334,1.884055885,1.554573403,1.441703061,1.465356741,1.079935401,1.227672575,1.120758294,69.4539064
Europe,        Denmark,Petroleum,3.6545829,9.1086156,21.2534364,27.3258468,28.0116306,35.2211526,46.1526636,58.9041393,60.28550628,71.05184508,73.48096779,86.84114402,99.25795488,105.6402258,112.333624,113.0008011,126.6138721,139.9673927,144.7474409,182.2940275,221.006926,210.2422512,225.1564004,227.7585569,236.9690955,229.0332358,207.6929317,189.2017794,174.47045,157.8812593,149.002053,134.2979131,123.1567026,106.5177484,100.3529655,94.92804345,85.63989259,83.25451643,69.99561904,61.98333963,43.48613514,38.94143769,4716.116123
Europe,        Estonia,Petroleum,0,0,0,0,0,0,0,0,0,0,0,0,0,0,0,0,0,0,0,0,0,0,0,0,0,0,0,0,0,0,0,0,0,0,0,0,0,0,0,0,0,0,0
Europe,        Faroe Islands,Petroleum,0,0,0,0,0,0,0,0,0,0,0,0,0,0,0,0,0,0,0,0,0,0,0,0,0,0,0,0,0,0,0,0,0,0,0,0,0,0,0,0,0,0,0
Europe,        Finland,Petroleum,0,0,0,0,0,0,0,0,0,0,0,0,0,0,0,0,0,0,0,0,0,0,0,0,0,0,0,0,0,0,0,0,0,0,0,0,0,0,0,0,0,0,0
Europe,        Former Czechoslovakia,Petroleum,1.378310555,1.371565549,1.377433982,1.377433982,1.383292451,1.377433982,2.042702882,2.042702882,2.048561351,2.042964301,1.577866314,1.84363655,1.515564614,0,0,0,0,0,0,0,0,0,0,0,0,0,0,0,0,0,0,0,0,0,0,0,0,0,0,0,0,0,21.3794694
Europe,        Former Serbia and Montenegro,Petroleum,0,0,0,0,0,0,0,0,0,0,0,0,14.36558803,14.32633775,15.87965183,14.63388336,14.67397621,13.38811488,12.14234641,12.14234641,10.92643151,10.2736937,9.65080946,9.339367195,9.052659159,8.505726356,0,0,0,0,0,0,0,0,0,0,0,0,0,0,0,0,169.3009323
Europe,        Former Yugoslavia,Petroleum,54.64534688,54.49626686,55.12050596,53.56133839,51.83525104,55.42819429,54.18264679,54.32674784,51.97569312,47.32361687,44.51674129,41.0947745,0,0,0,0,0,0,0,0,0,0,0,0,0,0,0,0,0,0,0,0,0,0,0,0,0,0,0,0,0,0,618.5071238
Europe,        France,Petroleum,28.59708482,34.00906637,30.72560534,31.35570584,31.44002207,39.36484735,44.23670675,46.43714079,47.82284608,46.43655904,43.45624581,41.73155612,42.62741044,40.99559346,41.3516401,37.17934464,32.81728344,27.03513367,24.18816347,22.42500952,21.54888056,20.80887119,20.17892397,17.60169364,17.03911149,14.80280979,13.96616,12.92210047,12.74622213,11.86428042,11.82299975,11.66303658,10.70110376,10.51577509,10.09780715,10.65402353,10.52381517,9.542720848,9.76983398,9.139600133,8.144776655,8.182438495,1018.46995
Europe,        Germany,Petroleum,0,0,0,0,0,0,0,0,0,0,0,45.00675287,40.04498193,38.66777361,37.12905149,37.39997771,37.71084819,35.49828399,37.39997771,34.86438589,40.56484064,41.11652117,43.65192191,45.83002108,43.16052235,42.42427014,42.8219758,42.03872102,38.13807802,34.86438589,31.06099845,32.32879436,32.41736627,32.68655575,30.48267522,30.46704462,29.61258497,27.54761668,25.77134256,23.90521465,23.79048272,22.80926766,1101.213235
Europe,"        Germany, East",Petroleum,0.6301005,0.6271698,0.6271698,0.6271698,0.6301005,0.6271698,0.6271698,0.6271698,0.5040804,0.565540989,0.502676009,0,0,0,0,0,0,0,0,0,0,0,0,0,0,0,0,0,0,0,0,0,0,0,0,0,0,0,0,0,0,0,6.595517197
Europe,"        Germany, West",Petroleum,58.4879799,56.4276978,53.2566804,51.3546561,50.2234059,51.3546561,50.7216249,46.9175763,49.587444,47.54996069,45.01502594,0,0,0,0,0,0,0,0,0,0,0,0,0,0,0,0,0,0,0,0,0,0,0,0,0,0,0,0,0,0,0,560.896708
Europe,        Gibraltar,Petroleum,0,0,0,0,0,0,0,0,0,0,0,0,0,0,0,0,0,0,0,0,0,0,0,0,0,0,0,0,0,0,0,0,0,0,0,0,0,0,0,0,0,0,0
Europe,        Greece,Petroleum,0,5.0730417,13.74740083,16.08265586,17.39798332,16.71568706,16.71568706,16.08265586,14.21844022,11.64375756,10.37584032,10.57656835,8.611575328,7.276806183,6.885812118,5.96556587,5.519981363,6.10258137,4.376327268,0.475310597,3.409661077,3.511167044,2.394258811,2.003873452,1.933199328,1.691714044,1.165441798,0.790277029,0.635695499,0.740255256,1.479815642,1.109861658,1.061229329,0.790277029,0.736434209,0.682591095,2.016509458,1.783778761,2.588008267,2.123363659,1.148969212,0.976968481,228.6170284
Europe,        Hungary,Petroleum,34.88202372,34.78811237,37.26278226,36.59458266,37.16305552,36.46417237,36.46417237,33.71993376,36.9631894,31.10333593,33.7773072,28.82800434,28.23666088,27.94643483,30.78707179,28.55815164,26.37290889,30.70224004,24.88758001,23.40559448,24.95202347,24.52593427,19.41348022,19.76194514,21.60255076,18.91233199,18.01474122,15.44176862,15.88825022,15.68303908,13.92890084,12.4318685,12.41541878,12.24446988,10.96913064,11.30612421,12.56602804,13.06428748,13.85822671,14.15329867,12.87112358,14.00077039,986.9130272
Europe,        Iceland,Petroleum,0,0,0,0,0,0,0,0,0,0,0,0,0,0,0,0,0,0,0,0,0,0,0,0,0,0,0,0,0,0,0,0,0,0,0,0,0,0,0,0,0,0,0
Europe,        Ireland,Petroleum,0,0,0,0,0,0,0,0,0,0,0,0,0,0,0,0,0,0,0,0,0,0,0,0,0,0,0,0,0,0,0,0,0,0,0,0,0,0,0,0,0,0,0
Europe,        Italy,Petroleum,25.55699409,24.82600513,23.51012083,30.09833443,30.18031695,30.09833443,32.73303373,44.49779578,59.90399186,54.37944827,57.67304455,53.06200982,55.14327339,54.68580812,57.08563174,61.7201276,67.23472497,73.8247603,70.72563179,54.40022284,59.67557398,51.68311225,56.2293577,63.13778866,68.80457875,75.49463975,72.68470598,71.10017027,65.68964909,54.52932076,63.24065711,65.33051173,66.69126329,67.04137702,70.01373487,66.01088751,46.68244038,51.05526956,58.95274144,51.15398902,66.46264613,63.7372358,2336.741262
Europe,        Kosovo,Petroleum,0,0,0,0,0,0,0,0,0,0,0,0,0,0,0,0,0,0,0,0,0,0,0,0,0,0,0,0,0,0,0,0,0,0,0,0,0,0,0,0,0,0,0
Europe,        Latvia,Petroleum,0,0,0,0,0,0,0,0,0,0,0,0,0,0,0,0,0,0,0,0,0,0,0,0,0,0,0,0,0,0,0,0,0,0,0,0,0,0,0,0,0,0,0
Europe,        Lithuania,Petroleum,0,0,0,0,0,0,0,0,0,0,0,0,0,1.006378055,1.82406006,2.01275611,1.897125928,2.411688563,3.443570742,2.925561604,3.774165717,6.009963924,5.56023863,4.879675579,3.852373792,2.758733851,2.310266707,1.941680774,1.892128498,1.257972496,1.257972496,1.257972496,1.261418999,1.257972496,1.257972496,1.257972496,1.261418999,1.257972496,0.628986248,0.440290491,0.441496767,0.440290491,61.780078
Europe,        Luxembourg,Petroleum,0,0,0,0,0,0,0,0,0,0,0,0,0,0,0,0,0,0,0,0,0,0,0,0,0,0,0,0,0,0,0,0,0,0,0,0,0,0,0,0,0,0,0
Europe,        Malta,Petroleum,0,0,0,0,0,0,0,0,0,0,0,0,0,0,0,0,0,0,0,0,0,0,0,0,0,0,0,0,0,0,0,0,0,0,0,0,0,0,0,0,0,0,0
Europe,        Montenegro,Petroleum,0,0,0,0,0,0,0,0,0,0,0,0,0,0,0,0,0,0,0,0,0,0,0,0,0,0,0,0,0,0,0,0,0,0,0,0,0,0,0,0,0,0,0
Europe,        Netherlands,Petroleum,19.31278782,20.57642419,28.28686436,39.09843793,44.48773821,55.17958154,66.37778624,62.42720264,55.98839232,48.20223487,52.6194753,53.39429787,41.06867163,40.70483988,63.15392686,53.22160901,48.80251169,45.90183349,46.85649553,33.68958255,31.03940828,26.55993708,39.26800061,39.29493873,36.74271694,29.27898925,24.31433802,32.97984028,26.78764719,20.92751208,17.50309991,18.88388193,17.56728957,18.46114662,23.28270173,22.17040583,14.74460227,11.75499052,11.06540706,13.36036145,22.82192242,22.59851457,1440.758346
Europe,        North Macedonia,Petroleum,0,0,0,0,0,0,0,0,0,0,0,0,0,0,0,0,0,0,0,0,0,0,0,0,0,0,0,0,0,0,0,0,0,0,0,0,0,0,0,0,0,0,0
Europe,        Norway,Petroleum,310.0471199,302.4407477,314.1261414,391.0946683,447.3583061,488.1843061,536.5792298,623.6685965,709.7034501,930.3709673,1019.917154,1163.783828,1324.786774,1415.770809,1602.065427,1726.428947,1929.333424,1953.349983,1869.504597,1871.009003,1999.904996,2027.137467,1976.58429,1932.054582,1890.189811,1747.758473,1630.387617,1497.543542,1443.465005,1371.219151,1248.848298,1188.587396,1114.148713,1063.474825,1091.022354,1125.141878,1154.901321,1135.877034,1067.812925,1003.231332,1167.057224,1183.230844,51989.10256
Europe,        Poland,Petroleum,4.848640346,4.835616901,3.35270175,2.965830301,2.974708563,2.965830301,2.965830301,2.344521901,2.350469463,2.01053464,1.340356524,1.894757922,2.024796891,3.141254383,3.112667749,2.863654376,3.1211955,3.735201182,4.606747987,5.602801773,8.120225009,9.170856927,8.292487745,9.111162085,10.40227933,9.900841545,9.329475203,8.503978487,8.84338725,7.722826778,8.036651996,7.773994163,8.36582734,11.96799379,11.98846063,11.46485034,12.54959384,12.73481614,13.11810217,12.61463633,12.19779877,11.57904242,286.8474071
Europe,        Portugal,Petroleum,0,0,0,0,0,0,0,0,0,0,0,0,0,0,0,0,0,0,0,0,0,0,0,0,0,0,0,0,0,0,0,0,0,0,0,0,0,0,0,0,0,0,0
Europe,        Romania,Petroleum,154.4926945,155.927366,156.5457437,155.8015877,154.3682658,143.4340337,144.0524114,140.3450759,126.0988485,117.716473,104.7349625,90.51416308,87.78673819,84.20971597,87.06402962,86.43449123,87.1667486,86.01383437,84.70525719,80.8760667,78.62153135,80.23307288,79.78074571,75.70113101,74.30111774,68.56944283,63.09965439,62.14155904,62.97624906,60.53530948,57.46045509,56.31208491,54.32352583,55.26758167,54.82118624,53.08148579,49.29418819,45.63678127,44.95029528,44.69434025,43.74528287,41.99473708,3635.830265
Europe,        Serbia,Petroleum,0,0,0,0,0,0,0,0,0,0,0,0,0,0,0,0,0,0,0,0,0,0,0,0,0,0,9.493140145,9.493140145,9.519148642,10.11602438,12.60756133,11.25836259,10.30013418,11.20546023,10.95356188,13.1276838,12.95830516,11.21191657,10.58903233,10.58903233,10.18223945,9.467332108,173.0720753
Europe,        Slovakia,Petroleum,0,0,0,0,0,0,0,0,0,0,0,0,0,0.863753195,0.863753195,0.930195681,1.065993182,0.996638167,0.797310416,0.597982959,0.666245702,0.664425445,0.664425445,0.833853901,0.571638896,0.465097694,0.411943881,0.318924342,0.279823236,0.132884972,0.132884972,0.132884972,0.133249258,0.132884972,0.132884972,0.132884972,0.133249258,0.143439302,0.140505085,0.138368018,0.053374201,0.060743154,12.59224344
Europe,        Slovenia,Petroleum,0,0,0,0,0,0,0,0,0,0,0,0,0,0.02491095,0,0,0,0,0,0,0.012484782,0.008733486,0.008733486,0.006242391,0.003751296,0.003106542,0.003106542,0.003106542,0.003135849,0.003106542,0.003106542,0.003106542,0.003135849,0.003106542,0.003106542,0.003106542,0.003135849,0,0,0,0,0.003077235,0.105311774
Europe,        Spain,Petroleum,20.4592167,15.4565118,18.5484003,35.8600452,28.5186417,27.2056881,26.75117756,23.81191699,21.86289774,17.16915661,15.00813815,18.7176195,17.976051,14.10513526,12.37062918,9.85557366,6.412829668,4.698676427,6.800716019,3.758602528,2.94556539,4.388706252,3.962962584,4.078574889,3.717950495,1.912330986,1.851353083,1.69890862,1.653175339,1.444834514,1.590503785,1.339817275,1.861516165,4.536069175,3.863619767,2.876118643,1.653175339,1.48543057,1.112803788,0.503974602,0.340240789,0.073215627,394.2384718
Europe,        Sweden,Petroleum,0.318362234,0.063498598,0.1904955,0.253994098,0.127345069,0.063498598,0,0,0,0,0,0,0,0.006564768,0,0,0,0,0,0,0,0,0,0,0,0,0,0,0,0,0,0,0,0,0,0,0,0,0,0,0,0,1.023770294
Europe,        Switzerland,Petroleum,0,0,0,0,0,0,0,0,0,0,0,0,0,0,0,0,0,0,0,0,0,0,0,0,0,0,0,0,0,0,0,0,0,0,0,0,0,0,0,0,0,0,0
Europe,        Turkiye,Petroleum,29.4857727,29.4066438,31.9622142,28.1259279,26.2825176,26.2092501,29.4066438,32.6011068,32.0501352,35.79807438,46.66534707,56.25411713,53.84422714,47.8913087,46.02609575,43.13632943,43.0610204,43.41654918,41.71421428,37.77887794,33.76545838,30.68406383,29.83639901,28.87489495,27.19182501,27.91689367,26.95013546,26.211056,26.6559049,29.53691429,30.89948289,29.23742928,28.68924947,29.56143341,30.47389894,31.00981935,31.72788246,31.43198961,35.10103141,36.76408497,39.43493475,42.37426302,1445.445419
Europe,        United Kingdom,Petroleum,1042.748884,1148.276643,1319.326912,1475.614377,1609.016711,1639.928246,1649.151755,1571.286369,1465.917241,1185.806081,1181.63721,1183.210489,1213.268886,1269.862463,1578.764903,1673.201707,1723.187932,1674.859324,1739.269393,1780.509913,1528.181462,1540.85239,1524.168752,1415.182471,1231.527525,1098.520172,993.3835295,992.3758221,932.2060617,881.2932693,815.9590198,671.8116957,577.9913815,519.9124974,514.2518653,579.3050774,614.041921,611.8247785,668.2430429,677.3494655,632.1082897,534.4541622,48679.79009
Eurasia,        Armenia,Petroleum,0,0,0,0,0,0,0,0,0,0,0,0,0,0,0,0,0,0,0,0,0,0,0,0,0,0,0,0,0,0,0,0,0,0,0,0,0,0,0,0,0,0,0
Eurasia,        Azerbaijan,Petroleum,0,0,0,0,0,0,0,0,0,0,0,0,138.3474252,129.3487671,119.2280295,113.2162808,113.663678,111.8695993,147.8208657,176.6939205,179.2971033,192.0935539,196.745871,202.9526059,198.2000656,274.8715942,404.9132142,531.7661637,548.8867112,633.1076189,651.2103608,618.7339902,581.8007874,548.0359328,533.043657,534.1224116,526.165659,496.8045938,496.8880589,483.1326438,438.6671868,447.4941109,10769.12246
Eurasia,        Belarus,Petroleum,0,0,0,0,0,0,0,0,0,0,0,0,25.22838115,25.25250638,25.00263519,24.26680734,22.8072147,22.85891225,22.90544005,23.0140046,23.33625236,23.27249205,22.96230706,22.89510054,22.91577955,22.01451955,22.01451955,22.01451955,22.07483336,20.75654706,18.86958832,18.86958832,18.92128586,18.86958832,18.86958832,16.40706383,20.60317796,20.1030458,21.17214494,21.4130054,21.67923898,21.36832834,652.7384167
Eurasia,        Former U.S.S.R.,Petroleum,7509.914914,7586.708225,7632.279707,7676.568208,7632.043331,7442.023915,7677.013909,7770.280104,7802.528964,7557.300831,7091.820707,6471.283198,0,0,0,0,0,0,0,0,0,0,0,0,0,0,0,0,0,0,0,0,0,0,0,0,0,0,0,0,0,0,89849.766
Eurasia,        Georgia,Petroleum,0,0,0,0,0,0,0,0,0,0,0,0,1.82905749,1.257972496,1.137517502,0.628986248,0.756851517,1.682753722,1.378427783,1.383769863,1.261418999,1.257972496,0.930899635,1.76116167,1.261418999,1.257972496,0.628986248,0.628986248,0.630709499,0.628986248,0.628986248,0.628986248,0.630709499,0.628986248,0.628986248,0.502844231,0.252283741,0.262333698,0.23723108,0.215227091,0.200181464,0.186204076,25.30680903
Eurasia,        Kazakhstan,Petroleum,0,0,0,0,0,0,0,0,0,0,0,0,280.0350292,256.6268191,260.9689905,260.4227203,287.9998911,327.6880635,330.882969,379.7215992,455.9654475,521.4162076,601.8369347,659.9919587,775.8158755,830.2901859,857.1439473,891.1650143,884.1812468,950.7842046,994.8432473,1013.18421,994.3667413,1025.721567,1063.780542,1082.026514,1050.621893,1161.983163,1216.209951,1216.369846,1152.729625,1151.962799,22936.7372
Eurasia,        Kyrgyzstan,Petroleum,0,0,0,0,0,0,0,0,0,0,0,0,1.36900441,1.239466591,0.998039334,1.239466591,1.242862393,1.113669517,1.050770833,0.99321423,1.261418999,1.257972496,0.956059108,0.868000952,0.882993241,1.257972496,1.257972496,0.628986248,0.630709499,0.628986248,0.628986248,0.628986248,0.630709499,0.628986248,0.628986248,0.628986248,0.630709499,0.625701812,0.566016935,0.513357824,0.477621161,0.444100401,25.91071405
Eurasia,        Moldova,Petroleum,0,0,0,0,0,0,0,0,0,0,0,0,0,0,0,0,0,0,0,0,0,0,0,0,0,0,0,0,0,0,0,0,0,0,0,0,0,0,0,0,0,0,0
Eurasia,        Russia,Petroleum,0,0,0,0,0,0,0,0,0,0,0,0,4915.918588,4330.747231,3947.669778,3850.819304,3771.923099,3810.21809,3779.675668,3926.144545,4189.899187,4455.925822,4768.838079,5288.116345,5756.334877,5890.910394,6025.703433,6151.41675,6123.911585,6211.593862,6352.148145,6418.436813,6545.737078,6627.321661,6676.770811,6784.817198,6952.513478,6936.78714,7033.340004,7089.206135,6491.831646,6643.27842,167747.9552
Eurasia,        Tajikistan,Petroleum,0,0,0,0,0,0,0,0,0,0,0,0,0.782809313,0.466177364,0.340379997,0.40327868,0.341312546,0.358885902,0.295987219,0.295987219,0.23977903,0.205049649,0.194356697,0.221403248,0.157677521,0.175685208,0.188695757,0.175051297,0.148370204,0.137115437,0.135232169,0.135232169,0.134811614,0.129571229,0.129571229,0.11423429,0.113527698,0.198759781,0.198759781,0.198759781,0.199304305,0.198759781,7.014526117
Eurasia,        Turkmenistan,Petroleum,0,0,0,0,0,0,0,0,0,0,0,0,67.15126186,54.57315582,51.9299446,48.90707525,53.21878498,63.53344371,76.73181599,94.7628522,96.24025148,102.8200062,118.27357,123.1767592,132.1643172,120.8379706,108.2193072,109.9795079,115.5299568,120.0586324,131.1418804,137.2663403,150.5192925,155.7140796,159.832922,167.0924353,159.7989259,163.3011842,162.3246512,147.9799957,133.3620331,140.3129894,3466.755342
Eurasia,        Ukraine,Petroleum,0,0,0,0,0,0,0,0,0,0,0,0,56.09454227,53.14482555,52.94396885,51.50093789,51.90161469,51.83361776,49.05880345,47.54196164,46.15121613,46.46904761,46.91297539,49.42892039,53.86775626,55.16360776,57.23562497,56.16271094,52.35048188,49.19031041,43.87759812,41.4205725,41.70942347,38.41540664,34.14032802,30.47718572,28.31550873,27.30718527,28.82892692,30.78715795,30.40439241,30.28736604,1332.923976
Eurasia,        Uzbekistan,Petroleum,0,0,0,0,0,0,0,0,0,0,0,0,36.05986355,46.43168822,64.92935869,92.29983243,94.67506221,90.80232796,92.93571168,84.09543889,84.31689108,84.09485041,82.15607542,85.48991929,77.79611289,67.5007619,58.37900417,61.74871365,59.62886653,39.28947121,33.25482493,36.84653289,41.79226058,44.0290394,40.4946533,37.82189241,33.37246089,28.95017731,26.99322876,25.20945469,23.96791141,22.7339645,1698.096351
