country,Energy,1983,1984,1985,1986,1987,1988,1989,1990,1991,1992,1993,1994,1995,1996,1997,1998,1999,2000,2001,2002,2003,2004,2005,2006,2007,2008,2009,2010,2011,2012,2013,2014,2015,2016,2017,2018,2019,2020,2021,2022,2023,2024,Production-twh
Afghanistan,Solar,,,,,,,,,,,,,,,,,,0,0,0,0,0,0,0,0,0,0,0,0,0.03,0.03,0.03,0.03,0.04,0.04,0.04,0.06,0.07,0.08,0.09,0.09,,0.63
Albania,Solar,,,,,,,,,,,,,,,,,,0,0,0,0,0,0,0,0,0,0,0,0,0,0,0,0,0,0,0,0.02,0.03,0.04,0.16,0.3,,0.55
Algeria,Solar,0,0,0,0,0,0,0,0,0,0,0,0,0,0,0,0,0,0,0,0,0,0,0,0,0,0,0,0,0,0,0,0,0.06,0.09,0.57,0.69,0.71,0.82,0.79,0.83,0.87,0.686,6.116
American Samoa,Solar,,,,,,,,,,,,,,,,,,0,0,0,0,0,0,0,0,0,0,0,0,0,0,0,0,0,0,0,0,0,0,0.01,0,,0.01
Angola,Solar,,,,,,,,,,,,,,,,,,0,0,0,0,0,0,0,0,0,0,0.01,0.01,0.01,0.01,0.02,0.02,0.02,0.02,0.02,0.02,0.02,0.02,0.39,0.39,,0.98
Antigua and Barbuda,Solar,,,,,,,,,,,,,,,,,,0,0,0,0,0,0,0,0,0,0,0,0,0,0,0,0.01,0,0.01,0.01,0.01,0.02,0.02,0.02,0.02,,0.12000000000000001
Argentina,Solar,0,0,0,0,0,0,0,0,0,0,0,0,0,0,0,0,0,0,0,0,0,0,0,0,0,0,0,0,0,0.01,0.02,0.02,0.01,0.01,0.02,0.11,0.8,1.34,2.2,2.94,3.27,3.95,14.7
Armenia,Solar,,,,,,,,,,,,,,,,,,0,0,0,0,0,0,0,0,0,0,0,0,0,0,0,0,0,0,0.02,0.06,0.14,0.29,0.52,0.77,0.88,2.68
Aruba,Solar,,,,,,,,,,,,,,,,,,0,0,0,0,0,0,0,0,0,0,0,0,0,0,0.01,0.01,0.01,0.01,0.02,0.03,0.03,0.03,0.03,,,0.18
Australia,Solar,0,0,0,0,0,0,0,0,0.005,0.012,0.015,0.017,0.021,0.026,0.031,0.036,0.041,0.05,0.05,0.06,0.06,0.07,0.08,0.1,0.11,0.14,0.29,0.98,2.04,2.41,3.85,4.95,6.2,7.44,8.92,12.33,18.3,23.84,31.19,37.54,44.99,49.84,256.034
Austria,Solar,0,0,0,0,0,0,0,0,0,0,0,0,0,0,0,0,0,0,0.01,0.01,0.01,0.02,0.02,0.02,0.02,0.03,0.05,0.09,0.17,0.34,0.63,0.79,0.94,1.1,1.27,1.46,1.7,2.04,2.77,3.78,6.39,8.82,32.480000000000004
Azerbaijan,Solar,,,0,0,0,0,0,0,0,0,0,0,0,0,0,0,0,0,0,0,0,0,0,0,0,0,0,0,0,0,0,0,0,0.04,0.04,0.04,0.04,0.05,0.05,0.06,0.07,0.41,0.8
Bahamas,Solar,,,,,,,,,,,,,,,,,,0,0,0,0,0,0,0,0,0,0,0,0,0,0,0,0,0,0,0,0,0.01,0.01,0.02,,,0.04
Bahrain,Solar,,,,,,,,,,,,,,,,,,0,0,0,0,0,0,0,0,0,0,0,0,0,0,0.01,0.01,0.01,0.01,0.01,0.02,0.02,0.04,0.08,0.09,,0.30000000000000004
Bangladesh,Solar,0,0,0,0,0,0,0,0,0,0,0,0,0,0,0,0,0,0,0,0,0,0,0,0.01,0.02,0.02,0.03,0.07,0.06,0.09,0.13,0.16,0.2,0.22,0.25,0.31,0.37,0.46,0.61,0.87,1.07,1.42,6.37
Barbados,Solar,,,,,,,,,,,,,,,,,,0,0,0,0,0,0,0,0,0,0,0,0,0,0,0.01,0.01,0.02,0.03,0.03,0.04,0.07,0.08,0.08,0.09,,0.45999999999999996
Belarus,Solar,,,0,0,0,0,0,0,0,0,0,0,0,0,0,0,0,0,0,0,0,0,0,0,0,0,0,0,0,0,0,0,0.01,0.03,0.09,0.18,0.18,0.18,0.18,0.21,0.23,0.23,1.52
Belgium,Solar,0,0,0,0,0,0,0,0,0,0,0,0,0,0,0,0,0,0,0,0,0,0,0,0,0.01,0.04,0.17,0.58,1.21,2.15,2.64,2.89,3.06,3.1,3.31,3.9,4.25,5.11,5.62,6.88,7.82,8.93,61.67
Belize,Solar,,,,,,,,,,,,,,,,,,0,0,0,0,0,0,0,0,0,0,0,0,0,0,0,0,0,0,0,0.01,0.01,0.01,0.01,0.01,,0.05
Benin,Solar,,,,,,,,,,,,,,,,,,0,0,0,0,0,0,0,0,0,0,0,0,0,0,0,0,0,0,0,0.01,0.01,0.02,0.02,0.03,,0.09
Bermuda,Solar,,,,,,,,,,,,,,,,,,0,0,0,0,0,0,0,0,0,0,0,0,0,0,0,0,0,0,0,0,0,0,0,0,,0
Bhutan,Solar,,,,,,,,,,,,,,,,,,0,0,0,0,0,0,0,0,0,0,0,0,0,0,0,0,0,0,0,0,0,0,0,0,,0
Bolivia,Solar,,,,,,,,,,,,,,,,,,0,0,0,0,0,0,0,0,0,0,0,0,0,0,0.01,0,0.01,0.01,0.13,0.19,0.33,0.35,0.35,0.35,0.34,2.07
Bosnia and Herzegovina,Solar,,,,,,,,,,,,,,,,,,,,,0,0,0,0,0,0,0,0,0,0,0,0.01,0.01,0.02,0.02,0.02,0.03,0.05,0.07,0.11,0.2,0.34,0.8800000000000001
Botswana,Solar,,,,,,,,,,,,,,,,,,0,0,0,0,0,0,0,0,0,0,0,0,0,0,0,0,0,0,0.01,0.01,0.01,0.01,0.01,0.01,,0.060000000000000005
Brazil,Solar,0,0,0,0,0,0,0,0,0,0,0,0,0,0,0,0,0,0,0,0,0,0,0,0,0,0,0,0,0,0,0,0.02,0.06,0.09,0.83,3.46,6.65,10.75,16.75,30.13,51.48,74.68,194.9
British Virgin Islands,Solar,,,,,,,,,,,,,,,,,,0,0,0,0,0,0,0,0,0,0,0,0,0,0,0,0,0,0,0,0,0,0,0,0,,0
Brunei,Solar,,,,,,,,,,,,,,,,,,0,0,0,0,0,0,0,0,0,0,0,0,0,0,0,0,0,0,0,0,0,0,0,0,,0
Bulgaria,Solar,0,0,0,0,0,0,0,0,0,0,0,0,0,0,0,0,0,0,0,0,0,0,0,0,0,0,0,0.01,0.1,0.78,1.39,1.26,1.38,1.39,1.4,1.34,1.42,1.47,1.47,2.09,3.52,5.34,24.36
Burkina Faso,Solar,,,,,,,,,,,,,,,,,,0,0,0,0,0,0,0,0,0,0,0.01,0.01,0.01,0.01,0.01,0.01,0.02,0.03,0.09,0.09,0.09,0.09,0.09,0.09,,0.6499999999999999
Burundi,Solar,,,,,,,,,,,,,,,,,,0,0,0,0,0,0,0,0,0,0,0,0,0,0,0,0,0.01,0.01,0,0,0,0,0,0,,0.02
Cambodia,Solar,,,,,,,,,,,,,,,,,,0,0,0,0,0,0,0,0,0,0,0,0,0.01,0.01,0.01,0.02,0.03,0.03,0.04,0.12,0.31,0.63,0.73,0.8,1.07,3.8100000000000005
Cameroon,Solar,,,,,,,,,,,,,,,,,,0,0,0,0,0,0,0,0,0,0,0,0,0,0,0.01,0.01,0.01,0.02,0.02,0.02,0.02,0.02,0.02,0.02,,0.16999999999999998
Canada,Solar,0,0,0,0,0,0,0,0,0,0.002,0.002,0.002,0.004,0.006,0.007,0.01,0.013,0.02,0.02,0.02,0.02,0.01,0.02,0.02,0.03,0.04,0.11,0.26,0.57,0.88,1.5,2.12,2.89,4.03,3.57,3.8,4.08,4.28,6.04,7.05,7.64,8.21,57.276
Cape Verde,Solar,,,,,,,,,,,,,,,,,,0,0,0,0,0,0,0,0,0,0,0,0.01,0.01,0.01,0.01,0.01,0.01,0.01,0.01,0.01,0.01,0.01,0.07,,,0.18000000000000002
Cayman Islands,Solar,,,,,,,,,,,,,,,,,,0,0,0,0,0,0,0,0,0,0,0,0,0,0,0,0,0,0.01,0.01,0.02,0.02,0.02,0.02,0.02,,0.12000000000000001
Central African Republic,Solar,,,,,,,,,,,,,,,,,,0,0,0,0,0,0,0,0,0,0,0,0,0,0,0,0,0,0,0,0,0,0,0,,,0
Chad,Solar,,,,,,,,,,,,,,,,,,0,0,0,0,0,0,0,0,0,0,0,0,0,0,0,0,0,0,0,0,0,0,0,,,0
Chile,Solar,0,0,0,0,0,0,0,0,0,0,0,0,0,0,0,0,0,0,0,0,0,0,0,0,0,0,0,0,0,0,0.01,0.48,1.24,2.59,3.84,5.12,6.3,7.53,10.56,15.71,18.06,19.92,91.36
China,Solar,0,0,0,0,0,0,0,0.002,0.002,0.003,0.004,0.005,0.007,0.009,0.011,0.014,0.017,0.02,0.03,0.05,0.06,0.08,0.08,0.09,0.11,0.15,0.28,0.7,2.61,3.59,8.37,23.51,39.48,66.53,117.8,176.9,224,261.1,327,427.27,584.15,834.1,3098.134
Colombia,Solar,0,0,0,0,0,0,0,0,0,0,0,0,0,0,0,0,0,0.01,0.01,0.01,0.01,0.01,0.01,0.01,0.01,0.01,0.01,0.01,0.01,0.01,0.01,0.01,0.01,0.01,0.01,0.02,0.13,0.19,0.33,0.63,1.13,3.21,5.82
Comoros,Solar,,,,,,,,,,,,,,,,,,0,0,0,0,0,0,0,0,0,0,0,0,0,0,0,0,0,0,0,0,0,0,0,0,,0
Congo,Solar,,,,,,,,,,,,,,,,,,0,0,0,0,0,0,0,0,0,0,0,0,0,0,0,0,0,0,0,0,0,0,0,0.01,,0.01
Cook Islands,Solar,,,,,,,,,,,,,,,,,,0,0,0,0,0,0,0,0,0,0,0,0,0,0,0,0,0,0.01,0.02,0.01,0.01,0.02,0.02,,,0.09
Costa Rica,Solar,,,,,,,,,,,,,,,,,,0,0,0,0,0,0,0,0,0,0,0,0,0.01,0.02,0.02,0.03,0.03,0.04,0.06,0.07,0.07,0.08,0.08,0.08,0.08,0.6699999999999999
Cote d'Ivoire,Solar,,,,,,,,,,,,,,,,,,0,0,0,0,0,0,0,0,0,0,0,0,0,0,0,0,0,0.01,0.01,0.01,0.02,0.02,0.02,0.02,,0.11000000000000001
Croatia,Solar,,,,,,,,0,0,0,0,0,0,0,0,0,0,0,0,0,0,0,0,0,0,0,0,0,0,0,0.01,0.04,0.06,0.07,0.08,0.07,0.08,0.1,0.15,0.15,0.41,0.86,2.08
Cuba,Solar,,,,,,,,,,,,,,,,,,0,0,0,0,0,0,0,0,0,0,0,0,0.01,0.11,0.09,0.13,0.14,0.08,0.12,0.21,0.22,0.22,0.21,0.21,,1.75
Cyprus,Solar,0,0,0,0,0,0,0,0,0,0,0,0,0,0,0,0,0,0,0,0,0,0,0,0,0,0,0,0.01,0.01,0.02,0.05,0.08,0.13,0.15,0.17,0.2,0.22,0.3,0.47,0.6,0.83,1.11,4.3500000000000005
Czechia,Solar,0,0,0,0,0,0,0,0,0,0,0,0,0,0,0,0,0,0,0,0,0,0,0,0,0,0.01,0.09,0.62,2.18,2.15,2.03,2.12,2.26,2.13,2.2,2.36,2.32,2.29,2.25,2.63,2.89,4,34.53
Democratic Republic of Congo,Solar,,,,,,,,,,,,,,,,,,0,0,0,0,0,0,0,0,0,0,0,0,0,0,0,0,0,0.01,0.01,0.01,0.02,1.05,2.11,2.2,,5.41
Denmark,Solar,0,0,0,0,0,0,0,0,0,0,0,0,0,0,0,0,0,0,0,0,0,0,0,0,0,0,0,0.01,0.01,0.1,0.52,0.6,0.6,0.74,0.75,0.95,0.96,1.18,1.31,2.2,3.36,3.99,17.28
Djibouti,Solar,,,,,,,,,,,,,,,,,,0,0,0,0,0,0,0,0,0,0,0,0,0,0,0,0,0,0,0,0,0,0,0,0,,0
Dominica,Solar,,,,,,,,,,,,,,,,,,0,0,0,0,0,0,0,0,0,0,0,0,0,0,0,0,0,0,0,0,0,0,0,0,,0
Dominican Republic,Solar,,,,,,,,,,,,,,,,,,0,0,0,0,0,0,0,0,0,0,0,0,0,0.01,0.02,0.03,0.08,0.14,0.23,0.37,0.6,0.85,1.24,1.36,1.78,6.71
East Timor,Solar,,,,,,,,,,,,,,,,,,,,,0,0,0,0,0,0,0,0,0,0,0,0,0,0,0,0,0,0,0,0,0,,0
Ecuador,Solar,0,0,0,0,0,0,0,0,0,0,0,0,0,0,0,0,0,0,0,0,0,0,0,0,0,0,0,0,0,0,0,0.02,0.04,0.04,0.04,0.04,0.04,0.04,0.04,0.04,0.04,0.04,0.41999999999999993
Egypt,Solar,0,0,0,0,0,0,0,0,0,0,0,0,0,0,0,0,0,0,0,0,0,0,0,0,0,0,0,0.03,0.24,0.5,0.03,0.14,0.04,0.23,0.6,0.55,1.49,4.45,4.97,5.39,5.24,5.74,29.64
El Salvador,Solar,,,,,,,,,,,,,,,,,,0,0,0,0,0,0,0,0,0,0,0,0,0,0.01,0.02,0.03,0.04,0.19,0.28,0.49,0.9,1.08,1.24,1.24,1.11,6.630000000000001
Equatorial Guinea,Solar,,,,,,,,,,,,,,,,,,0,0,0,0,0,0,0,0,0,0,0,0,0,0,0,0,0,0,0,0,0,0,0,0,,0
Eritrea,Solar,,,,,,,,,,,,,,,,,,0,0,0,0,0,0,0,0,0,0,0,0,0,0,0,0,0,0.01,0.05,0.05,0.05,0.05,0.05,0.05,,0.31
Estonia,Solar,,,0,0,0,0,0,0,0,0,0,0,0,0,0,0,0,0,0,0,0,0,0,0,0,0,0,0,0,0,0,0,0,0.01,0.01,0.03,0.07,0.25,0.35,0.6,0.72,0.94,2.98
Eswatini,Solar,,,,,,,,,,,,,,,,,,0,0,0,0,0,0,0,0,0,0,0,0,0,0,0,0,0,0,0,0,0,0.03,0.03,0.03,,0.09
Ethiopia,Solar,,,,,,,,,,,,,,,,,,0,0,0,0,0,0,0,0,0,0,0,0,0,0.01,0.02,0.02,0.02,0.02,0.02,0.02,0.03,0.03,0.04,0.04,,0.27
Falkland Islands,Solar,,,,,,,,,,,,,,,,,,0,0,0,0,0,0,0,0,0,0,0,0,0,0,0,0,0,0,0,0,0,0,0,,,0
Faroe Islands,Solar,,,,,,,,,,,,,,,,,,0,0,0,0,0,0,0,0,0,0,0,0,0,0,0,0,0,0,0,0,0,0,0,,,0
Fiji,Solar,,,,,,,,,,,,,,,,,,0,0,0,0,0,0,0,0,0,0,0,0,0,0,0,0,0.01,0.01,0.01,0.01,0.01,0.01,0.01,0.01,,0.08
Finland,Solar,0,0,0,0,0,0,0,0,0,0,0,0,0,0,0,0,0,0,0,0,0,0,0,0,0,0,0,0,0.01,0.01,0.01,0.01,0.01,0.02,0.05,0.09,0.15,0.22,0.3,0.39,0.72,1.23,3.2199999999999998
France,Solar,0,0,0,0,0,0,0,0,0,0,0,0,0,0,0,0,0,0.01,0.01,0.01,0.01,0.01,0.01,0.01,0.02,0.04,0.17,0.62,2.33,4.43,5.19,6.39,7.75,8.66,9.59,10.81,12.17,13.19,15.36,19.63,21.82,23.57,161.80999999999997
French Guiana,Solar,,,,,,,,,,,,,,,,,,0,0,0,0,0,0,0,0,0,0,0,0.04,0.05,0.04,0.05,0.05,0.05,0.05,0.05,0.05,0.06,0.06,0.05,,,0.6000000000000001
French Polynesia,Solar,,,,,,,,,,,,,,,,,,0,0,0,0,0,0,0,0,0,0,0,0.01,0.01,0.02,0.03,0.03,0.03,0.04,0.04,0.04,0.04,0.05,0.05,,,0.39
Gabon,Solar,,,,,,,,,,,,,,,,,,0,0,0,0,0,0,0,0,0,0,0,0,0,0,0,0,0,0,0,0,0,0,0,0,,0
Gambia,Solar,,,,,,,,,,,,,,,,,,0,0,0,0,0,0,0,0,0,0,0,0,0,0,0,0,0,0,0,0,0,0,0,0,,0
Georgia,Solar,,,,,,,,,,,,,,,,,,0,0,0,0,0,0,0,0,0,0,0,0,0,0,0,0,0,0,0,0,0,0,0,0,0,0
Germany,Solar,0,0,0,0,0,0,0,0,0,0,0,0,0,0.01,0.01,0.01,0.02,0,0.1,0.2,0.31,0.56,1.31,2.27,3.14,4.51,6.72,11.96,19.99,26.74,30.62,35.45,38.08,37.56,38.76,44.32,45.22,49.5,49.34,60.3,61.22,70.99,639.22
Ghana,Solar,,,,,,,,,,,,,,,,,,0,0,0,0,0,0,0,0,0,0,0,0,0,0,0,0,0.03,0.03,0.03,0.05,0.06,0.13,0.16,0.15,,0.64
Gibraltar,Solar,,,,,,,,,,,,,,,,,,0,0,0,0,0,0,0,0,0,0,0,0,0,0,0,0,0,0,0,0,0,0,0,0,,0
Greece,Solar,0,0,0,0,0,0,0,0,0,0,0,0,0,0,0,0,0,0,0,0,0,0,0,0,0,0.01,0.05,0.16,0.61,1.69,3.65,3.79,3.9,3.93,3.99,3.79,4.43,4.45,5.25,7.14,8.89,12.27,68
Greenland,Solar,,,,,,,,,,,,,,,,,,0,0,0,0,0,0,0,0,0,0,0,0,0,0,0,0,0,0,0,0,0,0,0,,,0
Grenada,Solar,,,,,,,,,,,,,,,,,,0,0,0,0,0,0,0,0,0,0,0,0,0,0,0,0,0,0,0,0,0,0,0,,,0
Guadeloupe,Solar,,,,,,,,,,,,,,,,,,,,,,,0,0,0,0,0.01,0.02,0.03,0.09,0.1,0.1,0.1,0.09,0.09,0.1,0.1,0.11,0.11,0.11,,,1.1600000000000001
Guam,Solar,,,,,,,,,,,,,,,,,,0,0,0,0,0,0,0,0,0,0,0,0,0,0,0,0.03,0.07,0.06,0.07,0.08,0.08,0.08,0.14,,,0.61
Guatemala,Solar,,,,,,,,,,,,,,,,,,0,0,0,0,0,0,0,0,0,0,0,0,0,0,0.01,0.16,0.19,0.2,0.2,0.23,0.22,0.23,0.23,0.24,,1.91
Guinea,Solar,,,,,,,,,,,,,,,,,,0,0,0,0,0,0,0,0,0,0,0,0,0,0,0,0.02,0.02,0.02,0.02,0.02,0.02,0.02,0.03,0.03,,0.19999999999999998
Guinea-Bissau,Solar,,,,,,,,,,,,,,,,,,0,0,0,0,0,0,0,0,0,0,0,0,0,0,0,0,0,0,0,0,0,0,0,,,0
Guyana,Solar,,,,,,,,,,,,,,,,,,0,0,0,0,0,0,0,0,0,0,0,0,0,0,0,0,0,0.01,0.01,0.02,0.01,0.01,0.01,0.02,,0.09
Haiti,Solar,,,,,,,,,,,,,,,,,,0,0,0,0,0,0,0,0,0,0,0,0,0,0,0,0,0,0,0,0,0,0,0,,,0
Honduras,Solar,,,,,,,,,,,,,,,,,,0,0,0,0,0,0,0,0,0,0,0,0,0,0,0.01,0.44,0.89,0.93,1,1.12,1.11,1.14,1.04,1.04,,8.719999999999999
Hong Kong,Solar,0,0,0,0,0,0,0,0,0,0,0,0,0,0,0,0,0,0,0,0,0,0,0,0,0,0,0,0,0,0,0,0,0,0,0.01,0.01,0.02,0.05,0.12,0.18,0.2,0.324,0.9140000000000001
Hungary,Solar,0,0,0,0,0,0,0,0,0,0,0,0,0,0,0,0,0,0,0,0,0,0,0,0,0,0,0,0,0,0.01,0.02,0.07,0.14,0.24,0.35,0.63,1.5,2.46,3.8,4.73,6.93,9.4,30.28
Iceland,Solar,0,0,0,0,0,0,0,0,0,0,0,0,0,0,0,0,0,0,0,0,0,0,0,0,0,0,0,0,0,0,0,0,0,0,0,0,0,0,0,0,0,0,0
India,Solar,0,0,0,0,0,0,0,0,0,0,0,0,0.001,0.006,0.006,0.006,0.006,0.01,0.01,0.01,0.02,0.02,0.02,0.01,0.06,0.06,0.08,0.11,0.83,2.1,3.43,4.91,6.57,11.56,21.54,36.33,46.27,58.68,68.31,95.16,113.41,133.81,603.345
Indonesia,Solar,0,0,0,0,0,0,0,0,0,0,0,0,0,0,0,0,0,0,0,0,0,0,0,0,0,0,0,0,0,0,0.01,0.01,0.01,0.02,0.03,0.09,0.12,0.17,0.19,0.44,0.71,0.925,2.725
Iran,Solar,0,0,0,0,0,0,0,0,0,0,0,0,0,0,0,0,0,0,0,0,0,0,0,0,0,0,0,0,0,0,0,0,0,0,0.09,0.22,0.51,0.58,0.58,0.69,0.76,0.76,4.1899999999999995
Iraq,Solar,0,0,0,0,0,0,0,0,0,0,0,0,0,0,0,0,0,0,0,0,0,0,0,0,0,0,0,0,0,0,0.05,0.06,0.06,0.06,0.06,0.06,0.06,0.38,0.38,0.38,0.38,0.378,2.3080000000000003
Ireland,Solar,0,0,0,0,0,0,0,0,0,0,0,0,0,0,0,0,0,0,0,0,0,0,0,0,0,0,0,0,0,0,0,0,0,0,0.01,0.02,0.03,0.06,0.08,0.15,0.65,0.97,1.97
Israel,Solar,0,0,0,0,0,0,0,0,0,0,0,0,0,0,0,0,0,0,0,0,0,0,0,0,0,0,0.02,0.07,0.19,0.37,0.49,0.88,1.12,1.54,1.51,1.57,2.61,3.53,4.57,5.35,6.97,10.144,40.934
Italy,Solar,0,0,0,0,0,0,0.002,0,0,0.01,0.01,0.01,0.01,0.01,0.01,0.02,0.02,0.02,0.02,0.02,0.02,0.03,0.03,0.04,0.04,0.19,0.68,1.91,10.8,18.86,21.59,22.31,22.94,22.1,24.38,22.65,23.69,24.94,25.04,28.12,30.71,35.81,337.042
Jamaica,Solar,,,,,,,,,,,,,,,,,,0,0,0,0,0,0,0,0,0,0,0,0,0,0,0.01,0.01,0.01,0.04,0.05,0.09,0.12,0.13,0.13,,,0.59
Japan,Solar,0,0,0,0,0,0,0,0.001,0.001,0.01,0.023,0.029,0.04,0.054,0.096,0.143,0.218,0.34,0.5,0.69,0.95,1.27,1.63,2,2.31,2.59,3.05,3.98,5.44,7.37,12.91,23.55,34.54,43.33,54.04,61.22,67.43,75.92,84.18,91.07,96.99,102.02,779.935
Jordan,Solar,,,,,,,,,,,,,,,,,,0,0,0,0,0,0,0,0,0,0,0,0,0,0,0,0.05,0.43,0.91,1.43,2.06,2.52,3.29,3.45,,,14.14
Kazakhstan,Solar,,,0,0,0,0,0,0,0,0,0,0,0,0,0,0,0,0,0,0,0,0,0,0,0,0,0,0,0,0,0,0,0.05,0.09,0.09,0.14,0.39,1.24,1.63,1.77,1.96,2,9.36
Kenya,Solar,,,,,,,,,,,,,,,,,,0,0,0,0,0,0,0,0,0,0,0,0.01,0.01,0.03,0.05,0.05,0.06,0.07,0.09,0.09,0.09,0.17,0.42,0.58,0.55,2.2699999999999996
Kiribati,Solar,,,,,,,,,,,,,,,,,,0,0,0,0,0,0,0,0,0,0,0,0,0,0,0,0,0,0,0,0.01,0.01,0.01,0.01,,,0.04
Kuwait,Solar,0,0,0,0,0,0,0,0,0,0,0,0,0,0,0,0,0,0,0,0,0,0,0,0,0,0,0,0,0,0,0,0,0,0.01,0.01,0.05,0.06,0.06,0.14,0.18,0.19,0.19,0.8899999999999999
Kyrgyzstan,Solar,,,,,,,,,,,,,,,,,,0,0,0,0,0,0,0,0,0,0,0,0,0,0,0,0,0,0,0,0,0,0,0,0,0,0
Laos,Solar,,,,,,,,,,,,,,,,,,0,0,0,0,0,0,0,0,0,0,0,0,0,0,0,0,0,0.01,0.02,0.04,0.04,0.07,0.08,0.08,,0.34
Latvia,Solar,,,0,0,0,0,0,0,0,0,0,0,0,0,0,0,0,0,0,0,0,0,0,0,0,0,0,0,0,0,0,0,0,0,0,0,0,0,0.01,0.08,0.24,0.51,0.84
Lebanon,Solar,,,,,,,,,,,,,,,,,,0,0,0,0,0,0,0,0,0,0,0,0,0,0,0.01,0.02,0.04,0.06,0.09,0.12,0.14,0.31,1.26,1.4,,3.45
Lesotho,Solar,,,,,,,,,,,,,,,,,,0,0,0,0,0,0,0,0,0,0,0,0,0,0,0,0,0,0,0,0,0,0,0,,,0
Liberia,Solar,,,,,,,,,,,,,,,,,,0,0,0,0,0,0,0,0,0,0,0,0,0,0,0,0,0,0,0,0,0,0,0,0,,0
Libya,Solar,,,,,,,,,,,,,,,,,,0,0,0,0,0,0,0,0,0,0,0.01,0.01,0.01,0.01,0.01,0.01,0.01,0.01,0.01,0.01,0.01,0.01,0.01,0.01,,0.14
Lithuania,Solar,,,0,0,0,0,0,0,0,0,0,0,0,0,0,0,0,0,0,0,0,0,0,0,0,0,0,0,0,0,0.05,0.07,0.07,0.07,0.07,0.09,0.09,0.13,0.19,0.34,0.69,1.41,3.2699999999999996
Luxembourg,Solar,0,0,0,0,0,0,0,0,0,0,0,0,0,0,0,0,0,0,0,0,0,0.01,0.02,0.02,0.02,0.02,0.02,0.02,0.03,0.04,0.07,0.09,0.1,0.1,0.11,0.12,0.13,0.16,0.18,0.28,0.29,0.35,2.18
Macao,Solar,,,,,,,,,,,,,,,,,,0,0,0,0,0,0,0,0,0,0,0,0,0,0,0,0,0,0,0,0,0,0,0,,,0
Madagascar,Solar,,,,,,,,,,,,,,,,,,0,0,0,0,0,0,0,0,0,0,0,0,0,0.01,0.01,0.02,0.02,0.02,0.04,0.04,0.04,0.04,0.08,,,0.32000000000000006
Malawi,Solar,,,,,,,,,,,,,,,,,,0,0,0,0,0,0,0,0,0,0,0,0,0.01,0.01,0.02,0.03,0.03,0.04,0.01,0.01,0.01,0.01,0.01,,,0.19
Malaysia,Solar,0,0,0,0,0,0,0,0,0,0,0,0,0,0,0,0,0,0,0,0,0,0,0,0,0,0,0,0,0,0.01,0.14,0.23,0.27,0.31,0.33,0.63,1.46,2.06,2.3,2.75,3.24,4.12,17.849999999999998
Maldives,Solar,,,,,,,,,,,,,,,,,,0,0,0,0,0,0,0,0,0,0,0,0,0,0,0.01,0.01,0.01,0.02,0.03,0.03,0.04,0.05,0.06,0.06,,0.32
Mali,Solar,,,,,,,,,,,,,,,,,,0,0,0,0,0,0,0,0,0,0,0.01,0.02,0.03,0.03,0.03,0.03,0.03,0.03,0.03,0.03,0.1,0.14,0.15,0.15,,0.81
Malta,Solar,,,,,,,,0,0,0,0,0,0,0,0,0,0,0,0,0,0,0,0,0,0,0,0,0,0,0.02,0.03,0.07,0.09,0.13,0.16,0.19,0.2,0.24,0.26,0.29,0.31,0.36,2.35
Martinique,Solar,,,,,,,,,,,,,,,,,,,,,,,,0,0,0.01,0.01,0.02,0.04,0.08,0.08,0.08,0.08,0.08,0.08,0.08,0.09,0.08,0.09,0.09,,,0.99
Mauritania,Solar,,,,,,,,,,,,,,,,,,0,0,0,0,0,0,0,0,0,0,0,0,0,0.03,0.03,0.03,0.06,0.06,0.15,0.15,0.14,0.14,0.14,,,0.9300000000000002
Mauritius,Solar,,,,,,,,,,,,,,,,,,0,0,0,0,0,0,0,0,0,0,0,0,0,0,0.03,0.03,0.03,0.04,0.05,0.13,0.15,0.15,0.16,0.15,,0.92
Mexico,Solar,0,0,0,0,0,0,0,0.001,0.002,0.003,0.004,0.005,0.005,0.006,0.006,0.007,0.007,0.01,0.01,0.01,0.01,0.01,0.01,0.01,0.01,0.02,0.03,0.03,0.04,0.07,0.11,0.22,0.2,0.25,1.19,3.21,9.96,15.84,20.19,20.34,27.14,27.55,126.516
Moldova,Solar,,,,,,,,,,,,,,,,,,0,0,0,0,0,0,0,0,0,0,0,0,0,0,0,0,0,0,0,0,0,0.01,0.05,0.09,0.15,0.3
Mongolia,Solar,,,,,,,,,,,,,,,,,,0,0,0,0,0,0,0,0,0.01,0.01,0.01,0.01,0.01,0.01,0.01,0.01,0.01,0.03,0.06,0.12,0.12,0.17,0.19,0.19,0.19,1.16
Montenegro,Solar,,,,,,,,,,,,,,,,,,,,,,,0,0,0,0,0,0,0,0,0,0,0,0,0,0,0,0,0,0,0.02,0.08,0.1
Montserrat,Solar,,,,,,,,,,,,,,,,,,0,0,0,0,0,0,0,0,0,0,0,0,0,0,0,0,0,0,0,0,0,0,0,,,0
Morocco,Solar,0,0,0,0,0,0,0,0,0,0,0,0,0,0,0,0,0,0,0,0,0,0,0,0,0,0,0,0,0,0,0,0,0,0.4,0.41,0.95,1.58,1.52,1.82,1.45,2.11,1.59,11.829999999999998
Mozambique,Solar,,,,,,,,,,,,,,,,,,0,0,0,0,0,0,0,0,0,0,0,0,0,0,0,0,0,0,0,0.03,0.07,0.07,0.07,0.07,,0.31000000000000005
Myanmar,Solar,,,,,,,,,,,,,,,,,,0,0,0,0,0,0,0,0,0,0,0,0,0,0.01,0.01,0.03,0.05,0.06,0.07,0.09,0.08,0.09,0.16,0.11,0.13,0.89
Namibia,Solar,,,,,,,,,,,,,,,,,,0,0,0,0,0,0,0,0,0,0.01,0.01,0.01,0.01,0.02,0.03,0.04,0.06,0.11,0.23,0.36,0.41,0.48,0.5,0.51,,2.79
Nauru,Solar,,,,,,,,,,,,,,,,,,0,0,0,0,0,0,0,0,0,0,0,0,0,0,0,0,0,0,0,0,0,0,0,0,,0
Nepal,Solar,,,,,,,,,,,,,,,,,,0,0,0,0,0,0,0,0,0,0,0.01,0.01,0.01,0.02,0.02,0.02,0.02,0.08,0.08,0.08,0.08,0.09,0.1,,,0.62
Netherlands,Solar,0,0,0,0,0,0,0,0,0,0,0,0,0,0,0,0,0.01,0.01,0.01,0.02,0.03,0.03,0.04,0.04,0.04,0.04,0.04,0.06,0.1,0.19,0.41,0.73,1.11,1.6,2.2,3.71,5.4,8.57,11.3,16.66,19.58,21.65,93.58000000000001
New Caledonia,Solar,,,,,,,,,,,,,,,,,,0,0,0,0,0,0,0,0,0,0,0,0,0,0,0,0.01,0.01,0.03,0.05,0.12,0.15,0.18,0.23,,,0.78
New Zealand,Solar,0,0,0,0,0,0,0,0,0,0,0,0,0,0,0,0,0,0,0,0,0,0,0,0,0,0,0,0,0,0,0.01,0.02,0.04,0.06,0.08,0.1,0.13,0.16,0.21,0.28,0.37,0.37,1.83
Nicaragua,Solar,,,,,,,,,,,,,,,,,,0,0,0,0,0,0,0,0,0,0,0,0,0,0,0,0,0,0.01,0.02,0.03,0.03,0.03,0.03,0.03,,0.18
Niger,Solar,,,,,,,,,,,,,,,,,,0,0,0,0,0,0,0,0,0,0,0,0,0,0,0.01,0.01,0.01,0.01,0.01,0.02,0.02,0.02,0.02,0.02,,0.15
Nigeria,Solar,,,,,,,,,,,,,,,,,,0,0,0,0,0,0,0,0,0,0,0,0,0.02,0.02,0.02,0.03,0.03,0.03,0.04,0.05,0.08,0.1,0.1,0.1,0.1,0.72
Niue,Solar,,,,,,,,,,,,,,,,,,0,0,0,0,0,0,0,0,0,0,0,0,0,0,0,0,0,0,0,0,0,0,0,,,0
North Korea,Solar,,,,,,,,,,,,,,,,,,0,0,0,0,0,0,0,0,0,0,0,0,0,0.01,0.01,0.03,0.04,0.05,0.06,0.08,0.1,0.13,0.15,,,0.66
North Macedonia,Solar,,,,,,,,0,0,0,0,0,0,0,0,0,0,0,0,0,0,0,0,0,0,0,0,0,0,0,0.01,0.01,0.02,0.02,0.02,0.02,0.02,0.02,0.05,0.1,0.36,0.32,0.97
Norway,Solar,0,0,0,0,0,0,0,0,0,0,0,0,0,0,0,0,0,0,0,0,0,0,0,0,0,0,0,0,0,0,0,0,0,0,0,0,0.01,0.08,0.11,0.17,0.36,0.36,1.0899999999999999
Oman,Solar,0,0,0,0,0,0,0,0,0,0,0,0,0,0,0,0,0,0,0,0,0,0,0,0,0,0,0,0,0,0,0,0,0,0,0.02,0.05,0.05,0.21,0.68,1.55,1.7,1.7,5.96
Pakistan,Solar,0,0,0,0,0,0,0,0,0,0,0,0,0,0,0,0,0,0,0,0,0,0,0,0,0,0,0,0.01,0.03,0.07,0.14,0.24,0.38,0.68,0.92,0.92,0.93,2.43,4.34,6.47,10.2,18.81,46.56999999999999
Palestine,Solar,,,,,,,,,,,,,,,,,,0,0,0,0,0,0,0,0,0,0,0,0,0,0,0,0.01,0.04,0.05,0.06,0.12,0.18,0.22,0.34,,,1.02
Panama,Solar,,,,,,,,,,,,,,,,,,0,0,0,0,0,0,0,0,0,0,0,0,0,0,0.01,0.02,0.07,0.16,0.23,0.29,0.32,0.59,0.7,0.87,,3.26
Papua New Guinea,Solar,,,,,,,,,,,,,,,,,,0,0,0,0,0,0,0,0,0,0,0,0,0,0,0,0,0,0,0,0,0,0,0.01,0.01,,0.02
Paraguay,Solar,,,,,,,,,,,,,,,,,,0,0,0,0,0,0,0,0,0,0,0,0,0,0,0,0,0,0,0,0,0,0,0,0,,0
Peru,Solar,0,0,0,0,0,0,0,0,0,0,0,0,0,0,0,0,0,0,0,0,0,0,0,0,0,0,0,0,0,0.06,0.2,0.2,0.23,0.24,0.29,0.75,0.78,0.79,0.8,0.84,0.97,1.29,7.4399999999999995
Philippines,Solar,0,0,0,0,0,0,0,0,0,0,0,0,0,0,0,0,0,0,0,0,0,0,0,0,0,0,0,0,0,0,0,0.02,0.14,1.1,1.2,1.25,1.25,1.37,1.47,1.82,2.47,3.68,15.770000000000001
Poland,Solar,0,0,0,0,0,0,0,0,0,0,0,0,0,0,0,0,0,0,0,0,0,0,0,0,0,0,0,0,0,0,0,0.01,0.06,0.12,0.17,0.3,0.71,1.96,3.93,8.31,11.11,15.23,41.91
Portugal,Solar,0,0,0,0,0,0,0.001,0,0,0,0,0,0,0,0,0,0,0,0,0,0,0,0,0,0.02,0.04,0.16,0.21,0.28,0.39,0.48,0.63,0.8,0.87,0.99,1.01,1.34,1.72,2.24,3.52,5.16,6.72,26.581
Puerto Rico,Solar,,,,,,,,,,,,,,,,,,0,0,0,0,0,0,0,0,0,0,0,0,0.02,0.04,0.05,0.09,0.12,0.16,0.31,0.5,0.56,0.68,0.85,0.85,0.81,5.039999999999999
Qatar,Solar,0,0,0,0,0,0,0,0,0,0,0,0,0,0,0,0,0,0,0,0,0,0,0,0,0,0,0,0,0,0,0,0.01,0.01,0.01,0.01,0.01,0.01,0.01,0.01,0.01,0.01,0.01,0.10999999999999999
Reunion,Solar,,,,,,,,,,,,,,,,,,,,,,0,0,0,0,0,0.02,0.08,0.14,0.19,0.22,0.24,0.24,0.26,0.26,0.25,0.26,0.26,0.27,0.27,,,2.96
Romania,Solar,0,0,0,0,0,0,0,0,0,0,0,0,0,0,0,0,0,0,0,0,0,0,0,0,0,0,0,0,0,0.01,0.42,1.62,1.98,1.82,1.86,1.77,1.78,1.73,1.7,1.99,2.23,4.2,23.11
Russia,Solar,,,0,0,0,0,0,0,0,0,0,0,0,0,0,0,0,0,0,0,0,0,0,0,0,0,0,0,0,0,0.01,0.16,0.34,0.47,0.54,0.62,0.99,1.86,2.31,2.4,2.63,2.84,15.170000000000002
Rwanda,Solar,,,,,,,,,,,,,,,,,,0,0,0,0,0,0,0,0,0,0,0,0,0,0,0,0.01,0.02,0.02,0.03,0.03,0.03,0.04,0.04,0.04,,0.26
Saint Helena,Solar,,,,,,,,,,,,,,,,,,0,0,0,0,0,0,0,0,0,0,0,0,0,0,0,0,0,0,0,0,0,0,0,,,0
Saint Kitts and Nevis,Solar,,,,,,,,,,,,,,,,,,0,0,0,0,0,0,0,0,0,0,0,0,0,0,0,0,0,0,0,0,0,0,0,,,0
Saint Lucia,Solar,,,,,,,,,,,,,,,,,,0,0,0,0,0,0,0,0,0,0,0,0,0,0,0,0,0,0,0.01,0.01,0.01,0.01,0.01,,,0.05
Saint Pierre and Miquelon,Solar,,,,,,,,,,,,,,,,,,0,0,0,0,0,0,0,0,0,0,0,0,0,0,0,0,0,0,0,0,0,0,0,,,0
Saint Vincent and the Grenadines,Solar,,,,,,,,,,,,,,,,,,0,0,0,0,0,0,0,0,0,0,0,0,0,0,0,0,0,0,0,0,0,0,0,0,,0
Samoa,Solar,,,,,,,,,,,,,,,,,,0,0,0,0,0,0,0,0,0,0,0,0,0,0,0,0.01,0.02,0.02,0.02,0.02,0.02,0.02,0.02,0.02,,0.17
Sao Tome and Principe,Solar,,,,,,,,,,,,,,,,,,0,0,0,0,0,0,0,0,0,0,0,0,0,0,0,0,0,0,0,0,0,0,0,,,0
Saudi Arabia,Solar,0,0,0,0,0,0,0,0,0,0,0,0,0,0,0,0,0,0,0,0,0,0,0,0,0,0,0,0,0.01,0.03,0.04,0.05,0.05,0.05,0.07,0.16,0.21,0.21,0.83,0.83,4.32,8.23,15.09
Senegal,Solar,,,,,,,,,,,,,,,,,,0,0,0,0,0,0,0,0,0,0,0,0,0,0,0,0,0.01,0.09,0.25,0.33,0.38,0.54,0.59,0.59,,2.78
Serbia,Solar,,,,,,,,0,0,0,0,0,0,0,0,0,0,0,0,0,0,0,0,0,0,0,0,0,0,0,0,0.01,0.01,0.01,0.01,0.01,0.01,0.01,0.01,0.02,0.05,0.05,0.2
Seychelles,Solar,,,,,,,,,,,,,,,,,,0,0,0,0,0,0,0,0,0,0,0,0,0,0,0,0,0,0,0,0.04,0.06,0.07,0.08,0.08,,0.33
Sierra Leone,Solar,,,,,,,,,,,,,,,,,,0,0,0,0,0,0,0,0,0,0,0,0,0,0,0,0,0,0.01,0.01,0.01,0.01,0.01,0.01,0.02,,0.08
Singapore,Solar,0,0,0,0,0,0,0,0,0,0,0,0,0,0,0,0,0,0,0,0,0,0,0,0,0,0,0,0,0,0,0,0,0,0.09,0.12,0.14,0.19,0.3,0.4,0.67,0.94,1.28,4.13
Slovakia,Solar,0,0,0,0,0,0,0,0,0,0,0,0,0,0,0,0,0,0,0,0,0,0,0,0,0,0,0,0.02,0.4,0.42,0.59,0.6,0.51,0.53,0.51,0.58,0.59,0.66,0.67,0.65,0.61,0.68,8.020000000000001
Slovenia,Solar,,,,,,,,0,0,0,0,0,0,0,0,0,0,0,0,0,0,0,0,0,0,0,0,0.01,0.07,0.16,0.22,0.26,0.27,0.27,0.28,0.25,0.3,0.37,0.45,0.65,0.98,1.48,6.02
Solomon Islands,Solar,,,,,,,,,,,,,,,,,,0,0,0,0,0,0,0,0,0,0,0,0,0,0,0,0,0,0,0,0,0,0,0.01,0.01,,0.02
Somalia,Solar,,,,,,,,,,,,,,,,,,0,0,0,0,0,0,0,0,0,0,0,0,0,0,0,0,0.01,0.01,0.01,0.01,0.02,0.03,0.07,0.07,,0.23
South Africa,Solar,0,0,0,0,0,0,0,0,0,0,0,0,0,0,0,0,0,0.01,0.01,0.01,0.01,0.02,0.02,0.02,0.02,0.02,0.02,0.03,0.08,0.09,0.24,1.07,2.75,3.27,4.24,4.57,4.9,5.7,6.78,10.13,15.57,20.01,79.59
South Korea,Solar,0,0,0,0,0,0,0,0.001,0.001,0.002,0.002,0.002,0.002,0.003,0.003,0.004,0.005,0.01,0.01,0.01,0.01,0.01,0.01,0.03,0.07,0.28,0.57,0.77,0.92,1.13,1.67,2.69,4.23,5.52,7.74,10.17,14.19,19.34,24.72,30.73,29.37,32.73,186.95499999999998
South Sudan,Solar,,,,,,,,,,,,,,,,,,,,,,,,,,,,,,0,0,0,0,0,0,0.01,0.01,0.01,0.02,0.04,0.04,,0.13
Spain,Solar,0,0,0,0,0,0,0.006,0.01,0.01,0.01,0.01,0.01,0.02,0.02,0.02,0.02,0.03,0.01,0.02,0.02,0.02,0.02,0.05,0.12,0.52,2.58,6.06,7.19,9.4,11.97,13.1,13.67,13.86,13.64,14.4,12.74,15.1,20.67,27.1,35.72,48.59,58.6,325.336
Sri Lanka,Solar,0,0,0,0,0,0,0,0,0,0,0,0,0,0,0,0,0,0,0,0,0,0,0,0,0,0.006,0.007,0.007,0,0,0.01,0.02,0.03,0.03,0.14,0.21,0.33,0.45,0.63,0.68,0.98,1.29,4.82
Sudan,Solar,,,,,,,,,,,,,,,,,,0,0,0,0,0,0,0,0,0,0,0,0,0.01,0.01,0.01,0.01,0.02,0.02,0.02,0.02,0.03,0.03,0.13,0.14,,0.45000000000000007
Suriname,Solar,,,,,,,,,,,,,,,,,,0,0,0,0,0,0,0,0,0,0,0,0,0,0,0,0.01,0.01,0.01,0.01,0.01,0.01,0.01,0.01,0.01,,0.09
Sweden,Solar,0,0,0,0,0,0,0,0,0,0,0,0,0,0,0,0,0,0,0,0,0,0,0,0,0,0,0.01,0.01,0.01,0.02,0.04,0.05,0.1,0.14,0.23,0.41,0.68,1.05,1.53,1.98,3.11,3.65,13.02
Switzerland,Solar,0,0,0,0,0,0,0,0.001,0.002,0.003,0.004,0.005,0.006,0.007,0.007,0.008,0.01,0.01,0.01,0.01,0.02,0.02,0.02,0.02,0.03,0.04,0.05,0.09,0.17,0.3,0.5,0.84,1.12,1.33,1.68,1.95,2.18,2.6,2.84,3.86,4.62,5.89,30.253000000000004
Syria,Solar,,,,,,,,,,,,,,,,,,0,0,0,0,0,0,0,0,0,0,0,0,0,0,0,0,0,0,0,0,0.02,0.06,0.1,,,0.18
Taiwan,Solar,0,0,0,0,0,0,0,0,0,0,0,0,0,0,0,0,0,0,0,0,0,0,0,0,0,0,0.01,0.02,0.06,0.16,0.32,0.53,0.85,1.11,1.67,2.7,4.02,6.07,7.97,10.68,12.91,14.91,63.989999999999995
Tajikistan,Solar,,,,,,,,,,,,,,,,,,0,0,0,0,0,0,0,0,0,0,0,0,0,0,0,0,0,0,0,0,0,0,0,0,0,0
Tanzania,Solar,,,,,,,,,,,,,,,,,,0,0,0,0,0,0,0,0,0,0,0.01,0.01,0.01,0.01,0.02,0.02,0.03,0.04,0.03,0.03,0.03,0.03,0.03,0.03,,0.32999999999999996
Thailand,Solar,0,0,0,0,0,0,0,0,0,0,0,0,0,0,0,0,0,0,0,0,0,0,0,0.04,0.04,0.04,0.04,0.06,0.09,0.5,1.26,1.93,2.38,3.55,4.54,4.54,5.15,5.03,4.99,5.03,5.42,6.17,50.800000000000004
Togo,Solar,,,,,,,,,,,,,,,,,,0,0,0,0,0,0,0,0,0,0,0,0,0,0,0,0,0,0,0.01,0.01,0.01,0.07,0.1,0.11,,0.31
Tonga,Solar,,,,,,,,,,,,,,,,,,0,0,0,0,0,0,0,0,0,0,0,0,0,0,0,0,0,0.01,0.01,0.01,0.01,0.01,0.01,0.01,,0.07
Trinidad and Tobago,Solar,0,0,0,0,0,0,0,0,0,0,0,0,0,0,0,0,0,0,0,0,0,0,0,0,0,0,0,0,0,0,0,0,0.01,0.01,0.01,0.01,0.01,0.01,0.01,0.01,0.01,0.007,0.097
Tunisia,Solar,,,,,,,,,,,,,,,,,,0,0,0,0,0,0,0,0,0,0,0,0,0,0.01,0.03,0.06,0.11,0.13,0.08,0.12,0.15,0.22,0.32,0.49,0.49,2.21
Turkey,Solar,0,0,0,0,0,0,0,0,0,0,0,0,0,0,0,0,0,0,0,0,0,0,0,0,0,0,0,0,0,0,0,0.02,0.19,1.04,2.89,7.8,9.57,11.2,13.28,15.16,18.4,25.67,105.22000000000001
Turkmenistan,Solar,,,0,0,0,0,0,0,0,0,0,0,0,0,0,0,0,0,0,0,0,0,0,0,0,0,0,0,0,0,0,0,0,0,0,0,0,0,0,0,0,0.007,0.007
Turks and Caicos Islands,Solar,,,,,,,,,,,,,,,,,,0,0,0,0,0,0,0,0,0,0,0,0,0,0,0,0,0,0,0,0,0,0,0,0,,0
Uganda,Solar,,,,,,,,,,,,,,,,,,0,0,0,0,0,0,0.01,0.01,0.02,0.02,0.02,0.02,0.03,0.03,0.03,0.03,0.04,0.06,0.07,0.13,0.14,0.13,0.15,,,0.94
Ukraine,Solar,,,0,0,0,0,0,0,0,0,0,0,0,0,0,0,0,0,0,0,0,0,0,0,0,0,0,0,0.03,0.33,0.57,0.43,0.48,0.49,0.72,1.11,2.93,5.37,6.5,5.2,5.71,5.71,35.58
United Arab Emirates,Solar,0,0,0,0,0,0,0,0,0,0,0,0,0,0,0,0,0,0,0,0,0,0,0,0,0,0,0.01,0.02,0.02,0.02,0.09,0.31,0.3,0.32,0.75,1.2,3.66,5.18,6.25,7.74,13.75,15.209,54.82900000000001
United Kingdom,Solar,0,0.001,0.001,0.001,0,0.001,0,0,0,0,0,0,0,0,0,0,0,0,0,0,0,0,0.01,0.01,0.01,0.02,0.02,0.04,0.24,1.35,2.01,4.05,7.53,10.41,11.46,12.67,12.42,12.5,12.08,13.28,13.83,15.56,129.504
United States,Solar,0.003,0.005,0.011,0.014,0.011,0.009,0.253,0.371,0.478,0.409,0.475,0.502,0.514,0.541,0.533,0.525,0.518,0.49,0.54,0.55,0.53,0.58,0.55,0.51,0.61,0.86,0.89,1.21,1.82,4.33,9.04,28.92,39.03,54.87,77.28,93.36,106.89,130.72,164.42,205.07,238.94,303.17,1470.352
United States Virgin Islands,Solar,,,,,,,,,,,,,,,,,,0,0,0,0,0,0,0,0,0,0,0,0,0,0,0.01,0.01,0.01,0.01,0.01,0.01,0.01,0.02,0.02,0.02,,0.13
Uruguay,Solar,,,,,,,,,,,,,,,,,,0,0,0,0,0,0,0,0,0,0,0,0,0,0,0,0.05,0.15,0.27,0.41,0.42,0.46,0.48,0.5,0.49,0.53,3.76
Uzbekistan,Solar,,,0,0,0,0,0,0,0,0,0,0,0,0,0,0,0,0,0,0,0,0,0,0,0,0,0,0,0,0,0,0,0,0,0.01,0.01,0.01,0.01,0.05,0.44,0.45,4.311,5.291
Vanuatu,Solar,,,,,,,,,,,,,,,,,,0,0,0,0,0,0,0,0,0,0,0,0,0,0,0,0,0,0,0.01,0.01,0.01,0.01,0.01,0.01,,0.060000000000000005
Venezuela,Solar,0,0,0,0,0,0,0,0,0,0,0,0,0,0,0,0,0,0,0,0,0,0,0,0,0,0,0,0,0,0,0,0,0.01,0.01,0.01,0.01,0.01,0.01,0.01,0.01,0.01,0.002,0.092
Vietnam,Solar,0,0,0,0,0,0,0,0,0,0,0,0,0,0,0,0,0,0,0,0,0,0,0,0,0,0,0,0.01,0.01,0.01,0.01,0.01,0.01,0.01,0.01,0.02,4.82,10.76,26.15,25.75,25.7,26.02,119.3
Western Sahara,Solar,,,,,,,,,,,,,,,,,,0,0,0,0,0,0,0,0,0,0,,,,,,,,,,,,,,,,0
Yemen,Solar,,,,,,,,,,,,,,,,,,0,0,0,0,0,0,0,0,0,0,0,0,0,0,0.01,0.12,0.16,0.19,0.48,0.48,0.49,0.5,0.51,0.52,,3.46
Zambia,Solar,,,,,,,,,,,,,,,,,,0,0,0,0,0,0,0,0,0,0,0,0,0,0,0,0,0,0,0,0.12,0.15,0.15,0.14,0.15,,0.7100000000000001
Zimbabwe,Solar,,,,,,,,,,,,,,,,,,0,0,0,0,0,0,0,0,0,0,0,0,0,0,0,0.01,0.01,0.01,0.01,0.02,0.02,0.02,0.03,0.03,,0.16
