country,year,population,solar_electricity,public_investment_usd_million,re_capacity_share_pct,solar_electricity_twh,solar_electricity_twh_unified
Algeria,2024,46814302,0.686,0.03,2.09,0.686,0.686
Angola,2024,37885854,0,0,63.73,0,0
Argentina,2024,45696153,3.95,12.23,34.98,3.95,3.95
Armenia,2024,2973843,0.88,0.99,45.2,0.88,0.88
Australia,2024,26713206,49.84,1.36,52.5,49.84,49.84
Austria,2024,9120815,8.82,0,84.96,8.82,8.82
Azerbaijan,2024,10336577,0.41,0,21.29,0.41,0.41
Bahrain,2024,1607059,0,0,0.69,0,0
Bangladesh,2024,173562366,1.42,47.98,3.98,1.42,1.42
Belarus,2024,9056696,0.23,0,4.84,0.23,0.23
Belgium,2024,11738761,8.93,0,56.71,8.93,8.93
Bolivia,2024,12413318,0.34,0,32.56,0.34,0.34
Bosnia and Herzegovina,2024,3164256,0.34,0,46.62,0.34,0.34
Brazil,2024,211998565,74.68,489.88,86.85,74.68,74.68
Bulgaria,2024,6757686,5.34,0,51.19,5.34,5.34
Cambodia,2024,17638804,1.07,0.1,52.66,1.07,1.07
Canada,2024,39742429,8.21,0,70.75,8.21,8.21
Chad,2024,20299131,0,0.51,1.69,0,0
Chile,2024,19764774,19.92,191.66,63.22,19.92,19.92
China,2024,1419321284,834.1,5.9,54.27,834.1,834.1
Colombia,2024,52886360,3.21,0,70.38,3.21,3.21
Congo,2024,6332969,0,0,26.67,0,0
Costa Rica,2024,5129909,0.08,0,85.89,0.08,0.08
Croatia,2024,3875325,0.86,12.43,77.08,0.86,0.86
Cuba,2024,10979781,0,0.24,12.16,0,0
Curacao,2024,185482,0,0,29.17,0,0
Cyprus,2024,1358287,1.11,0,37.43,1.11,1.11
Czechia,2024,10735857,4,0,27.9,4,4
Democratic Republic of Congo,2024,109276264,0,0,88.62,0,0
Denmark,2024,5977417,3.99,0,75.45,3.99,3.99
Dominican Republic,2024,11427558,1.78,0,37.44,1.78,1.78
Ecuador,2024,18135478,0.04,138.94,60.24,0.04,0.04
Egypt,2024,116538256,5.74,0,12.67,5.74,5.74
El Salvador,2024,6338197,1.11,0,61.58,1.11,1.11
Equatorial Guinea,2024,1892523,0,0,31.7,0,0
Estonia,2024,1360548,0.94,22.8,61.26,0.94,0.94
Finland,2024,5617311,1.23,0,62.77,1.23,1.23
France,2024,66548532,23.57,0,47.42,23.57,23.57
Gabon,2024,2538953,0,0,46.52,0,0
Georgia,2024,3807668,0,0.81,74.99,0,0
Germany,2024,84552234,70.99,0,64.76,70.99,70.99
Greece,2024,10047813,12.27,0,65.83,12.27,12.27
Guyana,2024,831092,0,0,17.01,0,0
Hungary,2024,9676135,9.4,0,53.32,9.4,9.4
Iceland,2024,393404,0,0,97.54,0,0
India,2024,1450935785,133.81,1082.2,38.3,133.81,133.81
Indonesia,2024,283487933,0.925,0.01,14.26,0.925,0.925
Iran,2024,91567737,0.76,0,13.49,0.76,0.76
Iraq,2024,46042015,0.378,0.06,4.71,0.378,0.378
Ireland,2024,5255016,0.97,0,49.79,0.97,0.97
Israel,2024,9387015,10.144,0,25.14,10.144,10.144
Italy,2024,59342870,35.81,0,52.44,35.81,35.81
Japan,2024,123753041,102.02,0,35.54,102.02,102.02
Kazakhstan,2024,20592574,2,0,22.41,2,2
Kenya,2024,56432946,0.55,0.76,83.23,0.55,0.55
Kosovo,2024,1684796,0.01,28.69,17.78,0.01,0.01
Kuwait,2024,4934508,0.19,0,0.56,0.19,0.19
Kyrgyzstan,2024,7186014,0,0.15,77.91,0,0
Latvia,2024,1871874,0.51,0,69.2,0.51,0.51
Libya,2024,7381029,0,0,0.07,0,0
Lithuania,2024,2859112,1.41,0,63.82,1.41,1.41
Luxembourg,2024,673042,0.35,0,38.51,0.35,0.35
Madagascar,2024,31964960,0,46.47,28.7,0,0
Malaysia,2024,35557670,4.12,0,24.39,4.12,4.12
Malta,2024,539612,0.36,0,32.9,0.36,0.36
Mexico,2024,130861001,27.55,1.04,28.35,27.55,27.55
Mongolia,2024,3475541,0.19,0,20.37,0.19,0.19
Montenegro,2024,638481,0.08,4.14,78.97,0.08,0.08
Morocco,2024,38081176,1.59,101.67,38.66,1.59,1.59
Mozambique,2024,34631767,0,0,77.65,0,0
Myanmar,2024,54500086,0.13,0,49.31,0.13,0.13
Netherlands,2024,18228740,21.65,0,59.41,21.65,21.65
New Caledonia,2024,292655,0,0,25.93,0,0
New Zealand,2024,5213942,0.37,0,79.67,0.37,0.37
Nigeria,2024,232679482,0.1,1.32,21.16,0.1,0.1
North Macedonia,2024,1823011,0.32,103.67,55.19,0.32,0.32
Norway,2024,5576656,0.36,0,98.85,0.36,0.36
Oman,2024,5281542,1.7,0,6.23,1.7,1.7
Pakistan,2024,251269160,18.81,3.2,34.83,18.81,18.81
Papua New Guinea,2024,10576509,0,0.19,33.77,0,0
Peru,2024,34217850,1.29,0,45.45,1.29,1.29
Philippines,2024,115843663,3.68,0,29.98,3.68,3.68
Poland,2024,38539209,15.23,23.31,49.25,15.23,15.23
Portugal,2024,10425291,6.72,0,79.13,6.72,6.72
Puerto Rico,2024,3242212,0.81,0,16.55,0.81,0.81
Qatar,2024,3048429,0.01,0,13.83,0.01,0.01
Romania,2024,19015096,4.2,0,66.99,4.2,4.2
Russia,2024,144820421,2.84,0,22.72,2.84,2.84
Saudi Arabia,2024,33962751,8.23,0,5.02,8.23,8.23
Serbia,2024,6736217,0.05,2.08,38.79,0.05,0.05
Singapore,2024,5832387,1.28,0,13.38,1.28,1.28
Slovakia,2024,5506759,0.68,0,36.94,0.68,0.68
Slovenia,2024,2118692,1.48,0,50.72,1.48,1.48
South Korea,2024,51717587,32.73,0,21.39,32.73,32.73
South Sudan,2024,11943410,0,0,13.91,0,0
Spain,2024,47910533,58.6,0,65.23,58.6,58.6
Sri Lanka,2024,23103561,1.29,0.96,63.2,1.29,1.29
Sudan,2024,50448960,0,0,49.16,0,0
Sweden,2024,10606993,3.65,0,79.42,3.65,3.65
Switzerland,2024,8921979,5.89,0,84.4,5.89,5.89
Syria,2024,24672758,0,0,15.29,0,0
Taiwan,2024,23213964,14.91,0,30.56,14.91,14.91
Tajikistan,2024,10590930,0,0,88.88,0,0
Thailand,2024,71668010,6.17,0.09,20.8,6.17,6.17
Trinidad and Tobago,2024,1507778,0.007,0,0.23,0.007,0.007
Tunisia,2024,12277103,0.49,40.27,15.17,0.49,0.49
Turkey,2024,87473800,25.67,0,59.32,25.67,25.67
Turkmenistan,2024,7494494,0.007,0,0.03,0.007,0.007
Ukraine,2024,37860221,5.71,4.44,35.35,5.71,5.71
United Arab Emirates,2024,11027135,15.209,0,14.26,15.209,15.209
United Kingdom,2024,69138185,15.56,0,55.97,15.56,15.56
United States,2024,345426566,303.17,0,33.47,303.17,303.17
Uruguay,2024,3386583,0.53,0,77.82,0.53,0.53
Uzbekistan,2024,36361859,4.311,569.39,24.39,4.311,4.311
Venezuela,2024,28405544,0.002,0,47.53,0.002,0.002
Vietnam,2024,100987685,26.02,0,57.92,26.02,26.02
Yemen,2024,40583173,0,0,18.78,0,0
Zambia,2024,21314962,0,19.17,86.64,0,0
Zimbabwe,2024,16634366,0,0.09,40.97,0,0
