Continent,country,Energy,1980,1981,1982,1983,1984,1985,1986,1987,1988,1989,1990,1991,1992,1993,1994,1995,1996,1997,1998,1999,2000,2001,2002,2003,2004,2005,2006,2007,2008,2009,2010,2011,2012,2013,2014,2015,2016,2017,2018,2019,2020,2021,Consumption
Africa,        Algeria,Natural Gas,159.0404,119.62604,191.19422,226.80544,235.1032,201.91216,208.13548,226.80544,246.16688,228.1884,235.44894,267.9485,252.3902,226.4918538,238.7023534,256.5287078,251.6530436,235.0938536,243.1402205,248.5044654,239.7584142,238.3590459,238.0092039,239.2919582,224.8318201,279.4654862,298.5318775,290.7314036,304.1157953,315.9947176,316.6980026,361.3126412,393.8835253,362.0598814,429.7180913,435.388326,437.0036699,453.5636921,492.3800177,508.3278169,491.1370431,517.8003991,12367.24263
Africa,        Angola,Natural Gas,2.8222932,2.6995848,3.06771,3.681252,3.681252,3.988023,4.294794,4.908336,5.521878,4.601565,5.828377389,6.13542,6.175162227,6.066826063,5.63231556,6.066826063,6.066826063,6.175162227,6.283498391,6.066826063,6.175162227,5.741817571,6.716843047,7.041851539,8.125213472,7.041851539,7.366860031,8.991902784,7.366860031,7.475196195,7.951875551,8.146880529,8.233549636,4.42011596,2.50256574,8.374386532,8.699392387,8.807727672,12.50721306,14.01670453,14.34016686,9.919513828,279.7275788
Africa,        Benin,Natural Gas,0,0,0,0,0,0,0,0,0,0,0,0,0,0,0,0,0,0,0,0,0,0,0,0,0,0,0,0,0,0,0,0,0,0,0,0,0,0.430209849,0.205160651,0.599845422,1.76548908,1.852349223,4.853054225
Africa,        Botswana,Natural Gas,0,0,0,0,0,0,0,0,0,0,0,0,0,0,0,0,0,0,0,0,0,0,0,0,0,0,0,0,0,0,0,0,0,0,0,0,0,0,0,0,0,0,0
Africa,        Burkina Faso,Natural Gas,0,0,0,0,0,0,0,0,0,0,0,0,0,0,0,0,0,0,0,0,0,0,0,0,0,0,0,0,0,0,0,0,0,0,0,0,0,0,0,0,0,0,0
Africa,        Burundi,Natural Gas,0,0,0,0,0,0,0,0,0,0,0,0,0,0,0,0,0,0,0,0,0,0,0,0,0,0,0,0,0,0,0,0,0,0,0,0,0,0,0,0,0,0,0
Africa,        Cabo Verde,Natural Gas,0,0,0,0,0,0,0,0,0,0,0,0,0,0,0,0,0,0,0,0,0,0,0,0,0,0,0,0,0,0,0,0,0,0,0,0,0,0,0,0,0,0,0
Africa,        Cameroon,Natural Gas,0,0,0,0,0,0,0,0,0,0,0,0,0,0,0,0,0,0,0,0,0,0,0,0,0,0,0.216672328,0.216672328,0.216672328,0.216672328,2.275059737,1.625042753,2.946744071,3.35842167,5.080966912,7.366860031,7.800201171,6.638125667,8.557616133,8.091819676,9.943922193,7.744140602,72.29560993
Africa,        Central African Republic,Natural Gas,0,0,0,0,0,0,0,0,0,0,0,0,0,0,0,0,0,0,0,0,0,0,0,0,0,0,0,0,0,0,0,0,0,0,0,0,0,0,0,0,0,0,0
Africa,        Chad,Natural Gas,0,0,0,0,0,0,0,0,0,0,0,0,0,0,0,0,0,0,0,0,0,0,0,0,0,0,0,0,0,0,0,0,0,0,0,0,0,0,0,0,0,0,0
Africa,        Comoros,Natural Gas,0,0,0,0,0,0,0,0,0,0,0,0,0,0,0,0,0,0,0,0,0,0,0,0,0,0,0,0,0,0,0,0,0,0,0,0,0,0,0,0,0,0,0
Africa,        Congo-Brazzaville,Natural Gas,0.1227084,0.1840626,0.1840626,0.2147397,0.2147397,0.613542,0.1227084,0.613542,0,0,0,0,0,0,0,0,0,0,0,0,0,0,0,0,0,1.300034261,1.950051245,3.141749049,4.008438654,5.741817571,10.07526472,12.45866062,12.66449927,17.8754694,16.25042694,16.25042694,15.16707409,9.318121952,9.392667012,6.286535629,4.3855361,4.495913302,153.0327922
Africa,        Congo-Kinshasa,Natural Gas,0,0,0,0,0,0,0,0,0,0,0,0,0,0,0,0,0,0,0,0,0,0,0,0,0,0,0,0,0,0,0,0,0,0,0,0,0,0.0041313,0.004102,0.004102,0,0,0.012327213
Africa,        Côte d’Ivoire,Natural Gas,0,0,0,0,0,0,0,0,0,0,0,0,0,0,0,0.43254711,3.90010249,6.500170719,8.666894292,14.51704803,14.62538419,14.62538419,13.87924065,13.87924065,13.46493513,13.46493513,13.46493513,15.53646359,16.57222767,16.57222767,17.1418979,16.9036722,18.43660337,21.17102089,21.35745855,21.3678161,23.92613183,23.92613183,20.65811091,22.03603073,23.42311441,25.84658099,436.2963064
Africa,        Djibouti,Natural Gas,0,0,0,0,0,0,0,0,0,0,0,0,0,0,0,0,0,0,0,0,0,0,0,0,0,0,0,0,0,0,0,0,0,0,0,0,0,0,0,0,0,0,0
Africa,        Egypt,Natural Gas,9.20313,15.33855,28.836474,34.665123,43.868253,53.684925,61.3542,68.103162,74.852124,83.748483,87.73474478,98.473491,107.063079,122.3115456,129.8929768,134.6601982,145.1704794,146.2538413,148.8539096,158.929174,198.2552071,265.9653187,270.8404466,320.8917611,340.8256179,370.6180671,409.5107553,431.5138332,455.5536312,480.6876247,500.1881369,549.6977706,575.7742886,562.698112,520.8803468,519.3419732,548.79833,625.2613554,655.9715339,630.9855077,610.2712876,649.2532733,12246.78204
Africa,        Equatorial Guinea,Natural Gas,0,0,0,0,0,0,0,0,0,0,0,0,0,0,0,0,0,0,0.216672328,0.216672328,0.325008492,0.325008492,13.75869459,14.08370337,1.083361933,14.08370337,14.08370337,16.15184094,16.25042694,16.79210776,17.11711626,17.55046091,17.11711626,15.817082,14.84205652,12.89200527,12.78366999,16.28503405,15.66661507,15.35740572,13.67698743,15.98368062,292.460134
Africa,        Eritrea,Natural Gas,0,0,0,0,0,0,0,0,0,0,0,0,0,0,0,0,0,0,0,0,0,0,0,0,0,0,0,0,0,0,0,0,0,0,0,0,0,0,0,0,0,0,0
Africa,        Eswatini,Natural Gas,0,0,0,0,0,0,0,0,0,0,0,0,0,0,0,0,0,0,0,0,0,0,0,0,0,0,0,0,0,0,0,0,0,0,0,0,0,0,0,0,0,0,0
Africa,        Ethiopia,Natural Gas,0,0,0,0,0,0,0,0,0,0,0,0,0,0,0,0,0,0,0,0,0,0,0,0,0,0,0,0,0,0,0,0,0,0,0,0,0,0,0,0,0,0,0
Africa,        Gabon,Natural Gas,0.7669275,0.6442191,0.613542,1.6258863,1.6258863,0.613542,0.306771,1.2577611,1.0736985,0.9816672,0.920313,1.088605168,1.083361933,1.083361933,1.08290163,1.08290163,1.083361933,1.083361933,1.083361933,1.083361933,0.866689312,0.866689312,0.975025476,0.975025476,1.083361933,1.083361933,1.083361933,0.866689312,0.866689312,0.866689312,0.866689312,0.758353148,4.1709429,3.445090484,4.550119474,4.095107468,4.105941143,5.275637577,5.740704757,5.026756052,5.438429842,4.918420767,78.11057026
Africa,"        Gambia, The",Natural Gas,0,0,0,0,0,0,0,0,0,0,0,0,0,0,0,0,0,0,0,0,0,0,0,0,0,0,0,0,0,0,0,0,0,0,0,0,0,0,0,0,0,0,0
Africa,        Ghana,Natural Gas,0,0,0,0,0,0,0,0,0,0,0,0,0,0,0,0,0,0,0,0,0,0,0,0,0,0,0,0,0,0,1.300034261,8.991902784,4.333447146,6.500170719,7.041851539,13.80150745,8.065328081,13.34509901,19.10762758,23.21679465,35.1040285,37.13219589,177.9399876
Africa,        Guinea,Natural Gas,0,0,0,0,0,0,0,0,0,0,0,0,0,0,0,0,0,0,0,0,0,0,0,0,0,0,0,0,0,0,0,0,0,0,0,0,0,0,0,0,0,0,0
Africa,        Guinea-Bissau,Natural Gas,0,0,0,0,0,0,0,0,0,0,0,0,0,0,0,0,0,0,0,0,0,0,0,0,0,0,0,0,0,0,0,0,0,0,0,0,0,0,0,0,0,0,0
Africa,        Kenya,Natural Gas,0,0,0,0,0,0,0,0,0,0,0,0,0,0,0,0,0,0,0,0,0,0,0,0,0,0,0,0,0,0,0,0,0,0,0,0,0,0,0,0,0,0,0
Africa,        Lesotho,Natural Gas,0,0,0,0,0,0,0,0,0,0,0,0,0,0,0,0,0,0,0,0,0,0,0,0,0,0,0,0,0,0,0,0,0,0,0,0,0,0,0,0,0,0,0
Africa,        Liberia,Natural Gas,0,0,0,0,0,0,0,0,0,0,0,0,0,0,0,0,0,0,0,0,0,0,0,0,0,0,0,0,0,0,0,0,0,0,0,0,0,0,0,0,0,0,0
Africa,        Libya,Natural Gas,55.21878,33.74481,26.995848,34.358352,37.426062,43.868253,51.537528,49.390131,48.163047,50.617215,53.68380691,53.73094065,53.378154,51.5680211,53.19102369,52.54373688,56.55148523,59.04321729,59.04321729,45.93453969,56.3348129,58.39320031,60.45158772,51.45968493,64.24335404,63.15999211,50.86383574,57.63484716,59.5848984,65.11004335,74.14528055,58.88071305,62.07663047,76.91868699,64.35169021,48.64294408,55.09910063,72.63988581,72.36900379,83.0898398,71.41524045,74.66257937,2371.516021
Africa,        Madagascar,Natural Gas,0,0,0,0,0,0,0,0,0,0,0,0,0,0,0,0,0,0,0,0,0,0,0,0,0,0,0,0,0,0,0,0,0,0,0,0,0,0,0,0,0,0,0
Africa,        Malawi,Natural Gas,0,0,0,0,0,0,0,0,0,0,0,0,0,0,0,0,0,0,0,0,0,0,0,0,0,0,0,0,0,0,0,0,0,0,0,0,0,0,0,0,0,0,0
Africa,        Mali,Natural Gas,0,0,0,0,0,0,0,0,0,0,0,0,0,0,0,0,0,0,0,0,0,0,0,0,0,0,0,0,0,0,0,0,0,0,0,0,0,0,0,0,0,0,0
Africa,        Mauritania,Natural Gas,0,0,0,0,0,0,0,0,0,0,0,0,0,0,0,0,0,0,0,0,0,0,0,0,0,0,0,0,0,0,0,0,0,0,0,0,0,0,0,0,0,0,0
Africa,        Mauritius,Natural Gas,0,0,0,0,0,0,0,0,0,0,0,0,0,0,0,0,0,0,0,0,0,0,0,0,0,0,0,0,0,0,0,0,0,0,0,0,0,0,0,0,0,0,0
Africa,        Morocco,Natural Gas,0.7669275,0.9816672,0.920313,0.9816672,0.613542,0.920313,0.920313,0.6442191,0.6442191,0.6442191,0.613542,0.42155668,0.259932313,0.324870489,0.32517726,0.21780741,0.21780741,0.54168082,0.54168082,0.433344656,0.54168082,0.54168082,0.54168082,0.54168082,0.433344656,4.896223966,6.188109311,7.021497415,6.171126738,6.171126738,6.281325503,8.81589534,13.78585627,13.36710126,13.00344577,13.41118076,13.63157624,13.52137865,12.22630957,11.58902431,9.053021705,9.113814517,182.7828821
Africa,        Mozambique,Natural Gas,0,0,0,0,0,0,0,0,0,0,0,0,0,0,0,0,0,0,0.650016984,0.650016984,0.650016984,0.650016984,0.650016984,0.866689312,0.758353148,1.408370425,1.625042753,2.166723573,2.063664632,1.719720429,0.917184346,5.96169737,14.78959575,17.8850924,20.63664515,21.72580145,20.36150145,21.0035251,13.75896415,16.02319314,15.16483323,15.5193518,197.6060345
Africa,        Namibia,Natural Gas,0,0,0,0,0,0,0,0,0,0,0,0,0,0,0,0,0,0,0,0,0,0,0,0,0,0,0,0,0,0,0,0,0,0,0,0,0,0,0,0,0,0,0
Africa,        Niger,Natural Gas,0,0,0,0,0,0,0,0,0,0,0,0,0,0,0,0,0,0,0,0,0,0,0,0,0,0,0,0,0,0,0,0,0,0,0,0,0,0,0.380815323,0.406979637,0.406979637,0,1.194774597
Africa,        Nigeria,Natural Gas,11.657298,23.314596,15.33855,24.848451,29.756787,33.131268,35.585436,40.187001,40.800543,50.923986,40.18673935,51.537528,53.08472769,54.70978567,49.29196428,56.22498888,59.15155346,63.37666444,63.91834555,67.27676693,72.91024833,67.27676693,68.90180968,92.19408816,100.9693186,112.2362811,118.3031072,114.8363494,132.9826592,45.06785038,54.49309782,166.328535,167.9210771,179.4047119,204.7662112,203.8886882,200.3136244,186.912553,200.7663313,203.5360914,205.0545856,238.484609,4001.851575
Africa,        Reunion,Natural Gas,0,0,0,0,0,0,0,0,0,0,0,0,0,0,0,0,0,0,0,0,0,0,0,0,0,0,0,0,0,0,0,0,0,0,0,0,0,0,0,0,0,0,0
Africa,        Rwanda,Natural Gas,0,0,0,0,0,0,0,0,0,0,0,0,0,0,0,0,0,0,0,0,0,0,0,0,0,0,0,0,0,0,0,0,0,0,0,0,0,0.322360065,0.530905159,0.623268135,0.607331572,0.610469602,2.694334533
Africa,        Saint Helena,Natural Gas,0,0,0,0,0,0,0,0,0,0,0,0,0,0,0,0,0,0,0,0,0,0,0,0,0,0,0,0,0,0,0,0,0,0,0,0,0,0,0,0,0,0,0
Africa,        Sao Tome and Principe,Natural Gas,0,0,0,0,0,0,0,0,0,0,0,0,0,0,0,0,0,0,0,0,0,0,0,0,0,0,0,0,0,0,0,0,0,0,0,0,0,0,0,0,0,0,0
Africa,        Senegal,Natural Gas,0,0,0,0,0,0,0,0,0,0,0,0,0,0.186044452,0.37140387,0.46623039,0.558133063,0.372088611,0.372088611,0.372088611,0.465110837,0.465110837,0.465110837,0.465110837,0.465110837,0.465110837,0.465110837,0.465110837,0.465110837,0.465110837,0.465110837,0.372088611,0.297671006,0.558133063,0.558133063,0.576737391,0.558133356,0.558133356,0.558133356,0.558133356,0.594202242,0.590267545,13.59406316
Africa,        Seychelles,Natural Gas,0,0,0,0,0,0,0,0,0,0,0,0,0,0,0,0,0,0,0,0,0,0,0,0,0,0,0,0,0,0,0,0,0,0,0,0,0,0,0,0,0,0,0
Africa,        Sierra Leone,Natural Gas,0,0,0,0,0,0,0,0,0,0,0,0,0,0,0,0,0,0,0,0,0,0,0,0,0,0,0,0,0,0,0,0,0,0,0,0,0,0,0,0,0,0,0
Africa,        Somalia,Natural Gas,0,0,0,0,0,0,0,0,0,0,0,0,0,0,0,0,0,0,0,0,0,0,0,0,0,0,0,0,0,0,0,0,0,0,0,0,0,0,0,0,0,0,0
Africa,        South Africa,Natural Gas,0,0,0,0,0,0,0,0,0,0,0,0,13.65035842,19.44682723,21.23376831,21.23468862,19.94313554,18.95883134,15.70874583,15.16706501,17.8754694,22.75059766,24.91732124,24.70064862,33.80088786,42.68445448,45.50119503,43.00946297,44.63450572,38.89268815,43.44280762,49.61796985,50.91800411,53.08472769,51.45968493,53.08472769,54.00557717,54.95892738,56.83679925,57.38307343,56.24740778,60.01838634,1125.168745
Africa,        South Sudan,Natural Gas,0,0,0,0,0,0,0,0,0,0,0,0,0,0,0,0,0,0,0,0,0,0,0,0,0,0,0,0,0,0,0,0,0,0,0,0,0,0,0,0,0,0,0
Africa,        Sudan,Natural Gas,0,0,0,0,0,0,0,0,0,0,0,0,0,0,0,0,0,0,0,0,0,0,0,0,0,0,0,0,0,0,0,0,0,0,0,0,0,0,0,0,0,0,0
Africa,        Tanzania,Natural Gas,0,0,0,0,0,0,0,0,0,0,0,0,0,0,0,0,0,0,0,0,0,0,0,0,1.2884382,4.4175024,5.4605238,5.741817571,6.0740658,7.128520646,8.450221964,5.416809079,6.283498391,7.041851539,5.958489899,11.9169798,16.28033697,10.25658161,13.78368133,14.93698676,13.65540711,13.81213544,157.9038483
Africa,        Togo,Natural Gas,0,0,0,0,0,0,0,0,0,0,0,0,0,0,0,0,0,0,0,0,0,0,0,0,0,0,0,0,0,0,0,0,0,0,0,0,0,0.417689666,0.48194984,1.058190303,1.064573308,1.049579326,4.071982443
Africa,        Tunisia,Natural Gas,4.707924,5.070072,6.518664,7.24296,12.67518,15.210216,14.123772,16.29666,14.123772,19.91814,19.555992,5.748918426,10.80236795,17.73960003,23.06114514,19.27678644,22.35295096,30.39528264,34.77125698,35.48087456,36.42703133,45.29724975,45.41551949,43.64147569,43.75974543,50.85592034,44.9424411,33.47029156,48.88031129,34.22740327,36.68819688,37.02375982,41.94534703,45.97210053,50.90487332,50.83776079,53.70120525,57.21339918,58.26750887,59.05789601,56.46521548,59.2798857,1369.347073
Africa,        Uganda,Natural Gas,0,0,0,0,0,0,0,0,0,0,0,0,0,0,0,0,0,0,0,0,0,0,0,0,0,0,0,0,0,0,0,0,0,0,0,0,0,0,0,0,0,0,0
Africa,        Western Sahara,Natural Gas,0,0,0,0,0,0,0,0,0,0,0,0,0,0,0,0,0,0,0,0,0,0,0,0,0,0,0,0,0,0,0,0,0,0,0,0,0,0,0,0,0,0,0
Africa,        Zambia,Natural Gas,0,0,0,0,0,0,0,0,0,0,0,0,0,0,0,0,0,0,0,0,0,0,0,0,0,0,0,0,0,0,0,0,0,0,0,0,0,0,0,0,0,0,0
Africa,        Zimbabwe,Natural Gas,0,0,0,0,0,0,0,0,0,0,0,0,0,0,0,0,0,0,0,0,0,0,0,0,0,0,0,0,0,0,0,0,0,0,0,0,0,0,0,0,0,0,0
Asia & Oceania,        Afghanistan,Natural Gas,0.613542,0.920313,1.533855,1.533855,1.533855,0,0,6.748962,21.47397,20.860428,20.5541469,3.374481,3.250085506,3.250085506,3.24870489,2.16580326,2.491732065,2.491732065,2.491732065,2.491732065,2.491732065,0.54168082,0.54168082,0.216672328,0.216672328,0.216672328,0.216672328,0.433344656,0.54168082,0.325008492,1.53727724,1.748531119,1.736614223,1.673779787,1.53727724,1.583861603,1.790781719,1.790781719,1.757513034,1.476448682,0.920055746,0.920055746,125.2438102
Asia & Oceania,        American Samoa,Natural Gas,0,0,0,0,0,0,0,0,0,0,0,0,0,0,0,0,0,0,0,0,0,0,0,0,0,0,0,0,0,0,0,0,0,0,0,0,0,0,0,0,0,0,0
Asia & Oceania,        Australia,Natural Gas,99.346338,113.538672,125.571303,127.422477,135.88168,145.290789,158.596212,162.578668,169.607445,174.19143,191.1825,178.81204,185.2006973,192.7609027,201.5139841,216.2568101,217.0443425,218.5753179,229.0410997,237.094503,248.9188951,262.4602241,288.5284025,296.9553119,308.3264614,311.1090042,310.8449309,345.3353831,351.8306182,369.635964,374.3350895,380.4415036,394.3129435,406.5083834,415.4693832,421.143954,457.5250444,478.3177935,474.6589845,484.6321943,475.5106757,451.4946491,11787.80301
Asia & Oceania,        Bangladesh,Natural Gas,13.78565,16.54278,17.921345,19.024197,26.192735,27.5713,31.155569,36.118403,41.35695,45.216932,44.665506,47.698349,56.86293895,62.52518329,68.05123068,74.65766869,77.2919139,77.2919139,83.0660148,91.67651626,98.26101766,104.3390187,112.4430202,126.5996718,137.7183575,147.1799241,161.0568884,174.9161588,192.8104604,211.1220683,217.2475635,217.0317189,237.7527978,246.062814,257.9342657,289.893982,317.5758136,318.6981958,308.1364371,342.5816086,329.7706796,342.8704916,5850.676051
Asia & Oceania,        Bhutan,Natural Gas,0,0,0,0,0,0,0,0,0,0,0,0,0,0,0,0,0,0,0,0,0,0,0,0,0,0,0,0,0,0,0,0,0,0,0,0,0,0,0,0,0,0,0
Asia & Oceania,        Brunei,Natural Gas,21.34212,22.053524,24.89914,18.496504,15.650888,18.852206,11.738166,20.275014,17.073696,20.275014,16.362292,10.14366,11.83427,9.67197981,8.35837584,11.58405972,9.313807234,10.50788508,9.074991724,11.26696252,11.9169798,14.62538419,18.09214173,18.74215901,21.66723573,25.45900206,43.2261353,45.57439171,46.0226987,27.28488576,32.0836506,32.6237794,31.86759914,29.05892927,34.46021726,37.59296447,41.19019169,42.49729223,44.05704462,41.79929532,45.01389999,37.00110418,1020.631538
Asia & Oceania,        Burma,Natural Gas,3.374481,3.681252,4.908336,5.828649,7.055733,8.589588,11.657298,12.27084,11.350527,11.657298,11.657298,10.81662533,10.6511067,11.99649941,15.595511,17.88697024,17.44967829,16.46813386,19.19464623,15.07828513,17.20589614,18.13094431,23.99330765,27.37418279,29.11915073,45.15104245,39.47989707,44.93292153,41.98828853,35.44465917,35.33559842,36.42620331,38.17117126,39.58895753,37.5168082,39.15271569,48.05197597,49.10985365,45.11854465,39.9409185,43.87055334,43.65737885,1045.929726
Asia & Oceania,        Cambodia,Natural Gas,0,0,0,0,0,0,0,0,0,0,0,0,0,0,0,0,0,0,0,0,0,0,0,0,0,0,0,0,0,0,0,0,0,0,0,0,0,0,0,0,0,0,0
Asia & Oceania,        China,Natural Gas,170.307715,151.75935,128.489583,145.351733,147.712434,154.120051,163.225612,166.598042,169.633229,170.307715,166.7229907,172.4325147,174.2786165,182.4319381,192.2071963,197.9877203,219.9469244,237.4171523,246.7414208,266.3698772,276.2918156,298.2961145,324.9499702,350.1008298,413.4429343,506.5854555,610.3678929,762.41922,834.5306053,956.9112711,1153.847043,1415.660354,1553.557564,1763.663477,1958.739425,2063.120954,2239.2254,2579.887749,3018.135806,3301.840572,3507.287698,3923.345837,37436.24982
Asia & Oceania,        Cook Islands,Natural Gas,0,0,0,0,0,0,0,0,0,0,0,0,0,0,0,0,0,0,0,0,0,0,0,0,0,0,0,0,0,0,0,0,0,0,0,0,0,0,0,0,0,0,0
Asia & Oceania,        Fiji,Natural Gas,0,0,0,0,0,0,0,0,0,0,0,0,0,0,0,0,0,0,0,0,0,0,0,0,0,0,0,0,0,0,0,0,0,0,0,0,0,0,0,0,0,0,0
Asia & Oceania,        French Polynesia,Natural Gas,0,0,0,0,0,0,0,0,0,0,0,0,0,0,0,0,0,0,0,0,0,0,0,0,0,0,0,0,0,0,0,0,0,0,0,0,0,0,0,0,0,0,0
Asia & Oceania,        Guam,Natural Gas,0,0,0,0,0,0,0,0,0,0,0,0,0,0,0,0,0,0,0,0,0,0,0,0,0,0,0,0,0,0,0,0,0,0,0,0,0,0,0,0,0,0,0
Asia & Oceania,        Hawaiian Trade Zone,Natural Gas,0,0,0,0,0,0,0,0,0,0,0,0,0,0,0,0,0,0,0,0,0,0,0,0,0,0,0,0,0,0,0,0,0,0,0,0,0,0,0,0,0,0,0
Asia & Oceania,        Hong Kong,Natural Gas,0,0,0,0,0,0,0,0,0,0,4.181132561,4.509380168,5.056182335,5.331388152,5.755999943,6.101743166,20.19386384,31.8930875,29.72203075,32.81069494,29.22910103,29.49885822,28.03740294,20.82221348,27.34405154,33.25920674,32.48568645,29.14243193,36.40095609,34.7434126,43.55114379,34.61340909,31.3091555,29.71661377,28.30824335,35.13342285,36.63536868,36.51319149,35.33356734,35.80997303,53.22527422,56.60156186,903.2697493
Asia & Oceania,        India,Natural Gas,17.199393,21.583552,29.284471,34.878134,37.181407,44.420265,60.70374,76.554161,104.54533,106.231545,134.559957,151.422107,160.7814435,179.3606324,200.2009345,211.6368447,210.9863117,217.1917915,230.4586791,227.8908945,217.7267468,214.7309979,279.0326071,293.4979186,331.1258568,386.3851718,417.0250644,453.6419685,473.2993455,586.9176115,711.3386601,706.0441563,657.621506,579.0863647,566.313374,547.5730362,596.5798717,624.5511079,670.8720527,687.5647828,679.9723134,723.2096609,13861.18177
Asia & Oceania,        Indonesia,Natural Gas,79.9304,79.9304,76.0628,101.8468,118.9287,140.5228,151.8033,156.9601,166.6291,186.6117,202.942641,246.5346507,256.7784727,271.362621,308.2399555,338.9218314,363.0565745,359.447438,313.8820898,359.1090814,305.874318,231.7742345,254.5569086,257.1509753,215.6459056,229.6313096,316.9272986,359.7857944,383.2451817,429.3744577,466.3681067,421.5922569,440.0890815,475.7293044,470.5411707,479.4512265,472.8853579,477.3330006,486.9803277,480.5603956,397.7288069,412.409818,12745.13669
Asia & Oceania,        Japan,Natural Gas,283.364109,290.267775,293.833292,313.50414,420.889812,450.339828,458.315874,473.347653,496.355478,530.513418,642.4051051,686.7349034,694.7551332,712.4673846,745.4115161,771.8651624,805.7380673,836.0270003,853.9577863,903.0042957,904.0459787,899.1398915,938.7911191,970.5148081,968.9537117,964.8391511,1061.965733,1162.108944,1134.703326,1130.294302,1195.524716,1387.61562,1440.452958,1429.175816,1435.064861,1363.810251,1415.314956,1409.686718,1377.289611,1287.214659,1239.750933,1233.75132,38013.1071
Asia & Oceania,        Kiribati,Natural Gas,0,0,0,0,0,0,0,0,0,0,0,0,0,0,0,0,0,0,0,0,0,0,0,0,0,0,0,0,0,0,0,0,0,0,0,0,0,0,0,0,0,0,0
Asia & Oceania,        Laos,Natural Gas,0,0,0,0,0,0,0,0,0,0,0,0,0,0,0,0,0,0,0,0,0,0,0,0,0,0,0,0,0,0,0,0,0,0,0,0,0,0,0,0,0,0,0
Asia & Oceania,        Macau,Natural Gas,0,0,0,0,0,0,0,0,0,0,0,0,0,0,0,0,0,0,0,0,0,0,0,0,0,0,0,0,0,0,1.672615405,0.795932449,0,0.0038383,0.626116974,0.0208909,0.108669012,1.92739795,1.022839853,1.478330328,0.799068135,0.928649143,9.384337315
Asia & Oceania,        Malaysia,Natural Gas,17.113544,18.947138,16.196747,23.531123,46.451048,68.759775,85.262121,80.983735,88.318111,90.762903,60.32855848,71.22870932,77.59612438,100.5673261,126.8259671,149.5979833,153.847307,174.1133121,178.7984638,174.7670543,211.1586977,222.0543993,260.0803981,261.0610111,232.2963587,302.1378062,352.4759478,327.9606194,348.9893234,339.2921488,355.4177874,339.4011059,343.9773006,357.4879707,383.3216793,345.5026987,322.5674416,331.8069183,416.1414314,422.0951167,386.4266284,395.6148881,9061.26473
Asia & Oceania,        Maldives,Natural Gas,0,0,0,0,0,0,0,0,0,0,0,0,0,0,0,0,0,0,0,0,0,0,0,0,0,0,0,0,0,0,0,0,0,0,0,0,0,0,0,0,0,0,0
Asia & Oceania,        Micronesia,Natural Gas,0,0,0,0,0,0,0,0,0,0,0,0,0,0,0,0,0,0,0,0,0,0,0,0,0,0,0,0,0,0,0,0,0,0,0,0,0,0,0,0,0,0,0
Asia & Oceania,        Mongolia,Natural Gas,0,0,0,0,0,0,0,0,0,0,0,0,0,0,0,0,0,0,0,0,0,0,0,0,0,0,0,0,0,0,0,0,0,0,0,0,0,0,0,0,0,0,0
Asia & Oceania,        Nauru,Natural Gas,0,0,0,0,0,0,0,0,0,0,0,0,0,0,0,0,0,0,0,0,0,0,0,0,0,0,0,0,0,0,0,0,0,0,0,0,0,0,0,0,0,0,0
Asia & Oceania,        Nepal,Natural Gas,0,0,0,0,0,0,0,0,0,0,0,0,0,0,0,0,0,0,0,0,0,0,0,0,0,0,0,0,0,0,0,0,0,0,0,0,0,0,0,0,0,0,0
Asia & Oceania,        New Caledonia,Natural Gas,0,0,0,0,0,0,0,0,0,0,0,0,0,0,0,0,0,0,0,0,0,0,0,0,0,0,0,0,0,0,0,0,0,0,0,0,0,0,0,0,0,0,0
Asia & Oceania,        New Zealand,Natural Gas,10.421424,12.917198,22.40864,23.725968,30.45735,39.576096,46.645014,44.995131,49.456935,50.4546,50.655891,54.072564,58.10910487,52.55411523,52.79623461,50.39376851,56.93979842,61.21541469,53.88565989,61.68304005,62.09384832,69.63145938,65.60081572,49.98641618,43.37602619,41.6683085,41.67197159,46.35050095,43.15598055,43.92169093,48.51406452,44.62611332,47.57553688,51.73931593,58.04475211,53.35798535,53.38962026,54.57065668,48.57583536,52.15796312,49.84702993,43.47539245,1996.695231
Asia & Oceania,        Niue,Natural Gas,0,0,0,0,0,0,0,0,0,0,0,0,0,0,0,0,0,0,0,0,0,0,0,0,0,0,0,0,0,0,0,0,0,0,0,0,0,0,0,0,0,0,0
Asia & Oceania,        North Korea,Natural Gas,0,0,0,0,0,0,0,0,0,0,0,0,0,0,0,0,0,0,0,0,0,0,0,0,0,0,0,0,0,0,0,0,0,0,0,0,0,0,0,0,0,0,0
Asia & Oceania,        Northern Mariana Islands,Natural Gas,0,0,0,0,0,0,0,0,0,0,0,0,0,0,0,0,0,0,0,0,0,0,0,0,0,0,0,0,0,0,0,0,0,0,0,0,0,0,0,0,0,0,0
Asia & Oceania,        Pakistan,Natural Gas,81.70305,90.2733,101.12895,97.70085,96.876348,99.88663,107.275504,114.664378,121.77959,129.98945,131.905084,146.135508,150.7097683,159.544946,171.6380698,176.7610224,190.581446,191.1613085,194.253908,214.5490924,234.1677705,211.9397114,206.3861115,226.8540956,246.0917864,276.6287234,324.4100483,330.5174358,340.9019811,347.2714656,355.5248818,351.2187516,392.9343887,353.4615277,350.5010631,364.8548307,390.3110214,404.1388605,398.1690549,366.3319427,362.7086977,376.0556435,9979.897999
Asia & Oceania,        Papua New Guinea,Natural Gas,0,0,0,0,0,0,0,0,0,0,0,0,0.65035452,0.866689312,0.54298467,1.08290163,1.408370425,1.191698097,1.191698097,1.191698097,1.191698097,1.191698097,1.191698097,1.516706589,1.516706589,1.083361933,1.516706589,1.473371889,1.408370425,1.083361933,1.191698097,1.083361933,1.083361933,1.191698097,1.083361933,1.083361933,1.083361933,1.083361933,2.568905335,2.906286631,1.808984637,1.835095039,39.30291452
Asia & Oceania,        Philippines,Natural Gas,0,0,0,0,0,0,0,0,0,0,0,0,0,0,0,0.10019135,0.101093204,0.101093204,0.101093204,0.101093204,0.101093204,2.021861443,20.19067688,24.44134567,23.37867832,22.31601127,23.37867832,30.93737747,31.42494177,33.66958049,30.62902808,33.7347686,29.45098847,37.57946127,28.91551602,27.84457085,33.26350681,32.68581571,37.55253106,37.8750467,33.49896366,27.2734277,602.6684339
Asia & Oceania,        Samoa,Natural Gas,0,0,0,0,0,0,0,0,0,0,0,0,0,0,0,0,0,0,0,0,0,0,0,0,0,0,0,0,0,0,0,0,0,0,0,0,0,0,0,0,0,0,0
Asia & Oceania,        Singapore,Natural Gas,0,0,0,0,0,0,0,0,0,0,0,0,11.91805335,16.24965987,16.24965987,16.24965987,16.25042694,16.25042694,16.25042694,16.25042694,16.25042694,12.78366911,12.67533295,57.63484716,71.61021407,71.61021407,71.61021407,93.38578597,99.34427587,87.3189599,91.00239007,91.65240705,104.7394176,118.2706062,134.2285254,131.3034486,134.1171016,140.4275984,141.9057245,144.8339147,145.6231178,151.6721151,2249.669048
Asia & Oceania,        Solomon Islands,Natural Gas,0,0,0,0,0,0,0,0,0,0,0,0,0,0,0,0,0,0,0,0,0,0,0,0,0,0,0,0,0,0,0,0,0,0,0,0,0,0,0,0,0,0,0
Asia & Oceania,        South Korea,Natural Gas,0,0,0,0,0,0,0.8196675,24.56805,31.774678,30.464382,35.081769,40.619176,53.2487737,66.51758605,88.543583,107.0643925,141.4453084,172.0467608,160.9428613,195.9797746,219.2064926,235.6712948,270.0482268,281.3836986,331.7275519,352.8816963,377.2098941,407.5050355,414.5028905,398.4551568,501.7223698,540.8341625,585.9659346,608.8542458,549.043416,513.4228388,531.7041351,550.1201752,639.0964234,619.5388788,636.1643026,691.5571938,11405.73278
Asia & Oceania,        Sri Lanka,Natural Gas,0,0,0,0,0,0,0,0,0,0,0,0,0,0,0,0,0,0,0,0,0,0,0,0,0,0,0,0,0,0,0,0,0,0,0,0,0,0,0,0,0,0,0
Asia & Oceania,        Taiwan,Natural Gas,13.191153,16.258863,9.816672,14.418237,15.952092,15.33855,12.27084,13.191153,7.362504,15.33855,24.54214558,30.765,33.59568853,32.59332,41.18115,44.1844,50.49024667,60.26564669,70.63270513,71.28210125,78.54993783,78.20692507,92.9564768,95.01455363,114.1089347,119.0254518,121.5408791,130.2305374,133.4319905,138.3485079,173.3358164,185.4556032,174.3191197,178.3095025,209.5922725,225.5423689,235.1923813,256.7905722,256.1697139,250.9890857,273.4397832,296.833762,4410.055196
Asia & Oceania,        Thailand,Natural Gas,0,11.72,13.771,16.701,20.51,37.504,32.816,38.676,56.549,53.326,60.944,69.148,72.957,90.95272305,100.15912,107.71559,122.6258965,153.964749,162.7598463,179.9456684,201.6806789,239.6916741,264.6616629,291.6535132,302.1671927,329.159043,336.6399304,357.8694754,377.1782522,395.9815635,455.0199179,466.8478072,513.1484343,527.3014644,532.7099438,537.2793506,525.3706879,532.0326646,544.3974155,568.7391476,503.3829312,538.6773227,10744.33567
Asia & Oceania,        Timor-Leste,Natural Gas,0,0,0,0,0,0,0,0,0,0,0,0,0,0,0,0,0,0,0,0,0,0,0,0,0,0,0,0,0,0,0,0,0,0,0,0,0,0,0,0,0,0,0
Asia & Oceania,        Tonga,Natural Gas,0,0,0,0,0,0,0,0,0,0,0,0,0,0,0,0,0,0,0,0,0,0,0,0,0,0,0,0,0,0,0,0,0,0,0,0,0,0,0,0,0,0,0
Asia & Oceania,        Tuvalu,Natural Gas,0,0,0,0,0,0,0,0,0,0,0,0,0,0,0,0,0,0,0,0,0,0,0,0,0,0,0,0,0,0,0,0,0,0,0,0,0,0,0,0,0,0,0
Asia & Oceania,        U.S. Pacific Islands,Natural Gas,0,0,0,0,0,0,0,0,0,0,0,0,0,0,0,0,0,0,0,0,0,0,0,0,0,0,0,0,0,0,0,0,0,0,0,0,0,0,0,0,0,0,0
Asia & Oceania,        Vanuatu,Natural Gas,0,0,0,0,0,0,0,0,0,0,0,0,0,0,0,0,0,0,0,0,0,0,0,0,0,0,0,0,0,0,0,0,0,0,0,0,0,0,0,0,0,0,0
Asia & Oceania,        Vietnam,Natural Gas,0,0.1202472,0.6914214,0.6914214,0.6312978,0.4208652,0.4208652,0.4208652,0.3306798,0.3306798,0.42387138,0.74252646,2.229383088,2.679949405,2.68032884,7.60994836,8.897431966,2.465553394,7.503858334,10.71979762,12.32776726,13.93573691,24.2267425,28.94345357,32.15939286,42.87919048,61.10284643,63.24680596,74.82418733,76.00336524,88.00953834,82.64963953,89.18871626,91.97586352,96.37098072,97.33576233,96.4996253,99.76176981,101.8036059,103.9757937,91.94474546,75.15586274,1594.332384
Asia & Oceania,        Wake Island,Natural Gas,0,0,0,0,0,0,0,0,0,0,0,0,0,0,0,0,0,0,0,0,0,0,0,0,0,0,0,0,0,0,0,0,0,0,0,0,0,0,0,0,0,0,0
Middle East,        Bahrain,Natural Gas,30.6771,36.81252,39.88023,42.94794,40.800543,50.310444,55.21878,66.569307,55.832322,57.059406,62.8884148,71.477643,57.63484716,71.71855024,70.30884549,70.30884549,71.17686942,86.34393443,89.81069197,91.11072623,92.84410515,96.41919915,102.4860249,104.2194038,105.6277743,116.0280475,122.7448905,127.6200185,134.4451977,135.2035508,138.3453002,136.7202574,148.4205649,170.0878006,167.9210771,167.9210771,166.0793775,172.1353183,173.9735637,191.6334727,191.2520318,200.9868678,4382.00288
Middle East,        Iran,Natural Gas,71.782656,47.95824,61.8816,95.91648,147.278208,185.6448,165.842688,174.81552,218.855764,243.035296,236.5637652,248.454624,273.168588,290.3238693,347.4713722,384.6188966,425.0503229,514.6496198,565.4589772,653.4192625,687.1829001,766.8388602,865.725889,900.363666,934.6736408,1147.089535,1187.846288,1235.159088,1303.451235,1545.041534,1579.788578,1677.266057,1696.814001,1722.819651,1896.074096,2032.079273,2170.34511,2260.632025,2370.554131,2407.704743,2436.507423,2539.651277,40715.79955
Middle East,        Iraq,Natural Gas,19.019802,7.055733,7.362504,5.521878,6.13542,7.055733,8.282817,10.736985,26.995848,26.995848,23.62120937,11.964069,30.983871,27.62564886,34.33994574,34.34301345,35.10092182,33.04253442,31.95917278,34.45090484,34.12589635,29.90078537,25.56733822,11.9169798,18.95883134,15.70874583,19.50051216,15.817082,20.36720147,12.44782694,14.08370337,9.490249197,6.998517132,12.77283544,9.804424307,10.85528522,11.94128239,121.1622674,156.5356502,195.1568001,202.4152624,199.5144988,1577.635835
Middle East,        Israel,Natural Gas,1.522135,1.522135,0.913281,0.608854,0.608854,0.608854,0.4261978,0.6392967,0.4261978,0.4261978,0.322388193,0.322388193,0.23136452,0.322525317,0.32269262,0.21614317,0.215016878,0.213775144,0.213361135,0.103990388,0.107508439,0.107508439,0.103369521,0.206739042,6.925754977,7.132494019,10.1773925,11.96105901,15.12360637,30.42601394,38.55533996,35.27511179,15.66247879,54.34062824,85.02710043,91.28411543,105.4404116,112.7944245,113.9539125,114.4469776,118.6346842,122.9817344,1100.854014
Middle East,        Jordan,Natural Gas,0,0,0,0,0,0,0,0,0,0.8589588,1.40807889,1.40807889,1.6258863,2.166723573,3.03396519,3.14133504,2.925076721,3.141749049,3.033412885,3.033412885,3.141749049,3.141749049,3.35842167,7.150187703,15.27540118,16.90044393,24.37564012,22.54468635,25.40612728,26.62007198,23.75863105,11.27234317,8.514954747,11.71456573,3.884623007,25.11998318,43.78855905,45.34066092,46.12875005,45.37399787,43.55590943,36.46312483,518.6072596
Middle East,        Kuwait,Natural Gas,74.852124,30.6771,30.6771,38.039604,44.175024,42.94794,58.593261,87.122964,107.676621,127.309965,67.05949219,5.521878,28.38398678,58.7181168,64.67652993,64.67652993,64.6766987,100.4276375,97.50256079,93.6024583,104.0027315,92.085752,86.66894292,98.58592272,105.0860934,133.2534999,134.4451977,130.6534314,137.586947,134.1093555,157.3366322,184.0631675,196.7926686,200.3244279,198.6777181,226.520116,241.1670427,235.1977701,249.3122142,268.2148722,270.2407389,307.8689917,5179.511828
Middle East,        Lebanon,Natural Gas,0,0,0,0,0,0,0,0,0,0,0,0,0,0,0,0,0,0,0,0,0,0,0,0,0,0,0,0,0,0.427699718,1.619149351,0,0,0,0,0,0,0,0,0,0,0,2.046849069
Middle East,        Oman,Natural Gas,8.589588,10.123443,12.577611,15.645321,14.418237,16.872405,21.47397,24.54168,22.394283,30.370329,30.36985786,33.04537212,35.85927527,42.9009888,44.96035776,39.76058931,39.21769664,48.64294408,71.06853325,55.68479591,67.92678391,68.68513735,70.85186093,69.22681817,72.47690339,101.2943271,116.6780645,115.1922228,142.8332325,155.6163841,185.0915852,185.3028769,223.0184569,222.3845816,238.7279994,231.5757733,230.3788156,231.8862003,252.4607371,253.935109,250.0756348,274.1002281,4378.23701
Middle East,        Palestinian Territories,Natural Gas,0,0,0,0,0,0,0,0,0,0,0,0,0,0,0,0,0,0,0,0,0,0,0,0,0,0,0,0,0,0,0,0,0,0,0,0,0,0,0,0,0,0,0
Middle East,        Qatar,Natural Gas,56.445864,48.163047,57.059406,53.378154,64.115139,58.593261,59.206803,60.740658,63.501597,65.955765,68.10376998,82.66036626,136.7201654,146.2538413,146.2500065,146.2530743,148.4205649,157.5208038,160.2292082,151.1289693,163.154285,108.9861956,120.3614946,132.2784741,162.8292765,202.5886542,212.4472463,226.4681416,232.2275597,242.5623243,250.6094154,292.914124,425.5761724,478.1466704,472.1343438,461.7076124,442.5786893,458.5117949,486.9229102,493.8683434,481.9683345,462.2280496,8941.770578
Middle East,        Saudi Arabia,Natural Gas,102.461514,173.018844,131.91153,128.230278,190.19802,219.648036,273.02619,290.205366,315.360588,322.723092,330.3934924,346.65123,368.3430074,388.9268815,408.4257063,412.110026,447.8617626,491.1962341,507.2299884,500.5131454,539.6225058,581.656943,614.2661331,650.6670889,711.5520213,771.7869366,795.8375683,806.2378415,871.456221,849.8973214,949.674942,999.5095841,1055.086044,1062.019559,1088.236914,1108.712452,1147.0523,1183.788786,1205.015344,1221.6156,1232.603158,1252.09476,27046.82496
Middle East,        Syria,Natural Gas,4.791722,2.4804208,2.536794,2.4804208,2.536794,1.40933,2.536794,6.201052,5.073588,9.86531,29.032198,34.951384,35.83475204,36.83016182,37.82359854,29.26614678,40.01547323,45.39068598,57.23606244,60.12275059,60.71999652,55.64340673,73.66860148,74.2102823,76.91868699,66.08506912,67.71011158,65.00170719,65.43505185,80.38544453,104.32774,87.96897718,69.87683516,57.41817483,53.08472769,46.58455697,40.62611776,40.08701358,39.87137202,38.25406008,33.61776549,35.37524454,1779.286383
Middle East,        United Arab Emirates,Natural Gas,32.210955,41.107314,27.916161,55.832322,73.931811,115.652667,132.218301,177.92718,190.504791,215.353242,203.3903599,242.34909,276.707442,244.6655178,234.7657109,268.5657397,294.1327251,314.1749181,329.2336469,335.5171453,340.5006095,351.8759081,394.7770349,410.3774446,435.6197743,446.8867369,466.8205937,532.6889905,643.9502458,634.6225009,655.8672256,734.6601281,707.6519191,722.4939753,718.4638696,804.2978946,809.1946483,806.9087746,717.5279593,800.4771234,813.1732171,819.8269682,17574.82058
Middle East,        Yemen,Natural Gas,0,0,0,0,0,0,0,0,0,0,0,0,0,0,0,0,0,0,0,0,0,0,0,0,0,0,0,0,0,4.041653427,10.66547425,7.409698096,5.276603012,11.45135152,5.613407684,9.093720284,5.478716463,3.244035056,1.009353649,1.009353649,1.344555904,1.344555904,66.9824789
Central & South America,        Antarctica,Natural Gas,0,0,0,0,0,0,0,0,0,0,0,0,0,0,0,0,0,0,0,0,0,0,0,0,0,0,0,0,0,0,0,0,0,0,0,0,0,0,0,0,0,0,0
Central & South America,        Antigua and Barbuda,Natural Gas,0,0,0,0,0,0,0,0,0,0,0,0,0,0,0,0,0,0,0,0,0,0,0,0,0,0,0,0,0,0,0,0,0,0,0,0,0,0,0,0,0,0,0
Central & South America,        Argentina,Natural Gas,107.921862,108.823716,137.081808,134.977482,171.953496,173.757204,187.88625,181.87389,214.340634,240.795018,215.4048217,239.0723099,241.0196465,255.0781307,262.2137722,291.8402328,309.357735,308.6008304,329.902289,349.9061972,359.097182,337.5794648,327.3071875,373.910887,409.9179213,437.2746172,451.547676,474.9035902,480.2019227,466.4695102,468.0914486,498.8001507,502.1521569,504.6715681,509.050802,508.0992646,523.6589291,530.3845103,559.7367648,580.1878425,541.7309359,534.5971456,14841.1788
Central & South America,        Aruba,Natural Gas,0,0,0,0,0,0,0,0,0,0,0,0,0,0,0,0,0,0,0,0,0,0,0,0,0,0,0,0,0,0,0,0,0,0,0,0,0,0,0,0,0,0,0
Central & South America,        Barbados,Natural Gas,0.1227084,0.1227084,0.1227084,0.1227084,0.1227084,0.1227084,0.1227084,0.1227084,0.2760939,0.306771,0.368342899,0.357509517,0.520013763,0.509180088,0.498346413,0.509180088,0.487512738,0.465845681,0.400843924,0.509180088,0.410726228,0.346675842,0.314174817,0.314174817,0.325008492,0.285481034,0.291035142,0.204113469,0.184396327,0.176898457,0.174954402,0.178842219,0.204668997,0.239937407,0.153848733,0.192172254,0.216595562,0.235975168,0.219921698,0.226890703,0.23555735,0.252736526,11.57527294
Central & South America,        Belize,Natural Gas,0,0,0,0,0,0,0,0,0,0,0,0,0,0,0,0,0,0,0,0,0,0,0,0,0,0,0,0,0,0,0,0,0,0,0,0,0,0,0,0,0,0,0
Central & South America,        Bolivia,Natural Gas,3.827166,5.740749,3.516,4.395,4.102,3.223,4.102,4.102,5.567,7.618,8.79,7.618,9.376,8.79586,10.24328,13.18612512,11.35356951,14.48931734,9.407243176,9.731631094,13.62428347,8.866597232,11.02918189,24.22094814,23.13965596,22.81526804,25.95101586,27.14043735,31.0439026,30.6005728,29.41115131,25.95101586,34.49322517,36.43955151,34.57972874,29.19489299,34.4715546,34.42830311,34.79408636,33.21861804,26.63291769,32.67144728,753.9022972
Central & South America,        Brazil,Natural Gas,16.588488,16.588488,14.920146,18.488007,24.001974,29.840292,29.19159,34.056855,31.462047,39.895173,33.394675,40.9205265,44.82510281,44.48912,46.378384,48.5327544,54.34399334,59.40175114,62.41488344,70.37816167,101.5856034,120.7405159,144.0922913,152.1631814,185.3076367,203.7318233,211.7234531,217.4161208,258.9069114,204.9360413,275.8754404,274.342799,331.160003,391.0315418,413.627054,431.2195871,368.0616934,376.0040125,358.2027527,355.1774005,334.671111,410.0369525,6880.126339
Central & South America,        British Virgin Islands,Natural Gas,0,0,0,0,0,0,0,0,0,0,0,0,0,0,0,0,0,0,0,0,0,0,0,0,0,0,0,0,0,0,0,0,0,0,0,0,0,0,0,0,0,0,0
Central & South America,        Cayman Islands,Natural Gas,0,0,0,0,0,0,0,0,0,0,0,0,0,0,0,0,0,0,0,0,0,0,0,0,0,0,0,0,0,0,0,0,0,0,0,0,0,0,0,0,0,0,0
Central & South America,        Chile,Natural Gas,24.905,24.905,14.357,13.478,14.064,12.892,7.618,7.618,10.255,16.701,19.338,15.236,15.95225315,18.1074,20.07343,19.6603,19.66503429,30.4210473,35.09285114,49.8687884,56.60487744,68.88194282,76.19727352,83.13317919,90.53582009,90.53582009,80.87548205,48.22311317,29.87106784,35.33187351,57.4290841,61.95497921,52.95870194,53.20301003,44.27948143,47.69087604,52.02341195,55.58499543,58.56025982,69.40646526,69.44969302,73.36541885,1746.304931
Central & South America,        Colombia,Natural Gas,34.8084,37.2696,37.2696,35.8632,50.2788,50.6304,50.6304,38.10758,39.740762,39.740762,41.101747,42.190535,41.04596009,42.734929,44.21840265,43.73661396,45.56389967,57.38744323,60.17510794,49.79345986,54.79203136,58.54095962,59.21384438,58.54095962,61.13637179,64.11628903,69.40323963,72.47928342,72.09477806,83.53381596,87.28274452,84.97571145,96.99150784,102.8552166,112.7562328,110.6414525,104.8000806,102.1287694,110.9743964,112.2956693,112.5460674,112.8320087,2787.219033
Central & South America,        Costa Rica,Natural Gas,0,0,0,0,0,0,0,0,0,0,0,0,0,0,0,0,0,0,0,0,0,0,0,0,0,0,0,0,0,0,0,0,0,0,0,0,0,0,0,0,0,0,0
Central & South America,        Cuba,Natural Gas,0.1840626,0.0920313,0.0920313,0.0920313,0.0306771,0.0613542,0.0613542,0.2454168,0.2147397,0.3374481,0.34971894,0.36198978,0.37426062,0.38346375,0.37426062,0.44432864,0.465845681,8.125213472,4.333447146,5.416809079,6.500170719,3.250085506,3.791766326,4.008438654,4.008438654,4.333447146,4.105806656,6.158709984,11.90683936,11.90683936,10.98303292,10.57245202,10.61351011,11.15752966,12.31741997,12.8306458,12.22504439,10.84383478,10.01942888,9.824993786,9.250443347,9.25223094,211.9015933
Central & South America,        Dominica,Natural Gas,0,0,0,0,0,0,0,0,0,0,0,0,0,0,0,0,0,0,0,0,0,0,0,0,0,0,0,0,0,0,0,0,0,0,0,0,0,0,0,0,0,0,0
Central & South America,        Dominican Republic,Natural Gas,0,0,0,0,0,0,0,0,0,0,0,0,0,0,0,0,0,0,0,0,0,0,0,3.250085506,1.408370425,2.708404393,2.708404393,5.200136458,5.091800294,6.066826063,8.88356662,10.07526472,13.86703075,11.58113763,11.58113763,12.00364861,11.29946941,12.48032387,13.68811089,14.66901043,15.38760377,20.35027193,182.3006038
Central & South America,        Ecuador,Natural Gas,1.1427,0.7618,0.7618,1.1427,1.5236,1.5236,1.1427,0.72371,1.06652,1.06652,1.5236,1.228846395,1.34514835,1.344577,1.344577,1.615016,1.61417802,1.34514835,1.34514835,1.34514835,1.88320769,2.15223736,1.34514835,2.017722525,2.286752195,3.49738571,3.76641538,3.699158109,3.005061326,3.421146817,3.605825303,2.633345118,5.649126435,5.62727303,6.315657778,5.430591506,5.976923994,5.220446339,4.143681594,3.741315242,3.150044172,3.257230311,106.7327341
Central & South America,        El Salvador,Natural Gas,0,0,0,0,0,0,0,0,0,0,0,0,0,0,0,0,0,0,0,0,0,0,0,0,0,0,0,0,0,0,0,0,0,0,0,0,0,0,0,0,0,0,0
Central & South America,        Falkland Islands,Natural Gas,0,0,0,0,0,0,0,0,0,0,0,0,0,0,0,0,0,0,0,0,0,0,0,0,0,0,0,0,0,0,0,0,0,0,0,0,0,0,0,0,0,0,0
Central & South America,        French Guiana,Natural Gas,0,0,0,0,0,0,0,0,0,0,0,0,0,0,0,0,0,0,0,0,0,0,0,0,0,0,0,0,0,0,0,0,0,0,0,0,0,0,0,0,0,0,0
Central & South America,        Grenada,Natural Gas,0,0,0,0,0,0,0,0,0,0,0,0,0,0,0,0,0,0,0,0,0,0,0,0,0,0,0,0,0,0,0,0,0,0,0,0,0,0,0,0,0,0,0
Central & South America,        Guadeloupe,Natural Gas,0,0,0,0,0,0,0,0,0,0,0,0,0,0,0,0,0,0,0,0,0,0,0,0,0,0,0,0,0,0,0,0,0,0,0,0,0,0,0,0,0,0,0
Central & South America,        Guatemala,Natural Gas,0,0,0,0,0,0,0,0,0,0,0,0,0,0,0,0,0,0,0,0,0,0,0,0,0,0,0,0,0,0,0,0,0,0,0,0,0,0,0,0,0,0,0
Central & South America,        Guyana,Natural Gas,0,0,0,0,0,0,0,0,0,0,0,0,0,0,0,0,0,0,0,0,0,0,0,0,0,0,0,0,0,0,0,0,0,0,0,0,0,0,0.061989424,0.0039848,0.0139761,0.0139761,0.093937265
Central & South America,        Haiti,Natural Gas,0,0,0,0,0,0,0,0,0,0,0,0,0,0,0,0,0,0,0,0,0,0,0,0,0,0,0,0,0,0,0,0,0,0,0,0,0,0.015822,0.006446,0.01279824,0.03595696,0.036020248,0.107035537
Central & South America,        Honduras,Natural Gas,0,0,0,0,0,0,0,0,0,0,0,0,0,0,0,0,0,0,0,0,0,0,0,0,0,0,0,0,0,0,0,0,0,0,0,0,0,0,0,0,0,0,0
Central & South America,        Jamaica,Natural Gas,0,0,0,0,0,0,0,0,0,0,0,0,0,0,0,0,0,0,0,0,0,0,0,0,0,0,0,0,0,0,0,0,0,0,0,0,0.186052363,2.131227795,1.057238932,3.029430429,7.497930358,7.687404668,21.58928455
Central & South America,        Martinique,Natural Gas,0,0,0,0,0,0,0,0,0,0,0,0,0,0,0,0,0,0,0,0,0,0,0,0,0,0,0,0,0,0,0,0,0,0,0,0,0,0,0,0,0,0,0
Central & South America,        Montserrat,Natural Gas,0,0,0,0,0,0,0,0,0,0,0,0,0,0,0,0,0,0,0,0,0,0,0,0,0,0,0,0,0,0,0,0,0,0,0,0,0,0,0,0,0,0,0
Central & South America,        Netherlands Antilles,Natural Gas,0,0,0,0,0,0,0,0,0,0,0,0,0,0,0,0,0,0,0,0,0,0,0,0,0,0,0,0,0,0,0,0,0,0,0,0,0,0,0,0,0,0,0
Central & South America,        Nicaragua,Natural Gas,0,0,0,0,0,0,0,0,0,0,0,0,0,0,0,0,0,0,0,0,0,0,0,0,0,0,0,0,0,0,0,0,0,0,0,0,0,0,0,0,0,0,0
Central & South America,        Panama,Natural Gas,0,0,0,0,0,0,0,0,0,0,0,0,0,0,0,0,0,0,0,0,0,0,0,0,0,0,0,0,0,0,0,0,0,0,0,0,0,0,2.06782992,6.240964167,4.035796943,3.156021665,15.5006127
Central & South America,        Paraguay,Natural Gas,0,0,0,0,0,0,0,0,0,0,0,0,0,0,0,0,0,0,0,0,0,0,0,0,0,0,0,0,0,0,0,0,0,0,0,0,0,0,0,0,0,0,0
Central & South America,        Peru,Natural Gas,12.50524,15.318919,14.381026,14.381026,14.381026,14.693657,15.318919,12.793259,11.976668,11.160077,5.171743,4.9986972,4.864645012,9.2274783,9.42073817,8.93894948,9.324257958,2.307032776,3.94118109,3.94118109,3.268296628,3.556675725,4.229560187,4.99857121,10.73180037,19.71656362,22.21233117,33.31849676,48.68247095,46.28169136,68.50881933,71.2541637,82.48511769,87.6014412,95.5878972,97.2101462,103.7074695,93.37942523,94.92054546,99.778174,83.72501077,101.3621414,1475.562531
Central & South America,        Puerto Rico,Natural Gas,0,0,0,0,0,0,0,0,0,0,0,0,0,0,0,0,0,0,0,0,3.791766326,6.825179211,6.825179211,8.016877308,7.366860031,7.258523867,7.80020498,7.976046,8.738678706,8.197841433,8.342023803,8.125213472,14.73372036,17.39604142,18.01151722,16.98696214,18.81578522,14.24425301,18.48871606,21.08178891,14.80428765,21.93394982,265.7614162
Central & South America,        Saint Kitts and Nevis,Natural Gas,0,0,0,0,0,0,0,0,0,0,0,0,0,0,0,0,0,0,0,0,0,0,0,0,0,0,0,0,0,0,0,0,0,0,0,0,0,0,0,0,0,0,0
Central & South America,        Saint Lucia,Natural Gas,0,0,0,0,0,0,0,0,0,0,0,0,0,0,0,0,0,0,0,0,0,0,0,0,0,0,0,0,0,0,0,0,0,0,0,0,0,0,0,0,0,0,0
Central & South America,        Saint Vincent/Grenadines,Natural Gas,0,0,0,0,0,0,0,0,0,0,0,0,0,0,0,0,0,0,0,0,0,0,0,0,0,0,0,0,0,0,0,0,0,0,0,0,0,0,0,0,0,0,0
Central & South America,        Suriname,Natural Gas,0,0,0,0,0,0,0,0,0,0,0,0,0,0,0,0,0,0,0,0,0,0,0,0,0,0,0,0,0,0,0,0,0,0,0,0,0,0.055413625,0.060265119,0.060265119,0.070803743,0.07496991,0.321717516
Central & South America,        The Bahamas,Natural Gas,0,0,0,0,0,0,0,0,0,0,0,0,0,0,0,0,0,0,0,0,0,0,0,0,0,0,0,0,0,0,0,0,0,0,0,0,0,0.00050103,0.034346046,0.039109347,0.064429821,0.121840241,0.260226778
Central & South America,        Trinidad and Tobago,Natural Gas,24.800985,24.800985,31.23087,38.885495,58.78752,66.13596,46.54012,43.784455,47.15249,49.60197,54.194745,61.543185,59.47107816,66.74833,76.4482708,82.0698274,92.66675254,100.5601866,100.5601866,103.1552882,108.4536204,121.5372576,129.538821,156.0304828,144.460655,163.5995292,218.3129208,218.9616964,237.2355368,226.6388718,252.1573708,255.9418938,246.4265214,271.1881157,266.7764432,257.7477287,226.9799924,188.4323677,190.5853405,193.3457659,175.6807971,176.4572582,5655.627689
Central & South America,        Turks and Caicos Islands,Natural Gas,0,0,0,0,0,0,0,0,0,0,0,0,0,0,0,0,0,0,0,0,0,0,0,0,0,0,0,0,0,0,0,0,0,0,0,0,0,0,0,0,0,0,0
Central & South America,        U.S. Virgin Islands,Natural Gas,0,0,0,0,0,0,0,0,0,0,0,0,0,0,0,0,0,0,0,0,0,0,0,0,0,0,0,0,0,0,0,0,0,0,0,0,0,0,0,0,0,0,0
Central & South America,        Uruguay,Natural Gas,0,0,0,0,0,0,0,0,0,0,0,0,0,0,0,0,0,0,0,0.216672328,0.433344656,0.433344656,0.216672328,0.650016984,1.300034261,0.975025476,1.300034261,0.975025476,0.758353148,0.433344656,0.866689312,0.866689312,0.650016984,0.650016984,0.599400941,0.610057058,0.689977203,0.779221194,0.595569087,1.049381258,0.645879238,0.938476363,16.63324316
Central & South America,        Venezuela,Natural Gas,180.413871,199.606836,209.3778,201.002688,212.86743,215.659134,235.201062,229.268691,228.919728,268.352547,265.5189674,276.8951612,266.4121976,284.404845,305.7474221,310.6538419,335.202691,346.7869016,387.4548753,330.0267672,335.202691,390.7822548,350.1142814,300.6965316,335.202691,288.9151428,320.414337,256.6888549,254.1709544,231.0956588,238.1547695,257.3317736,276.3063224,265.8911284,266.7571866,298.0927487,277.2737852,304.5937062,262.175417,216.1680639,161.2437292,179.2981742,11356.34366
North America,        Bermuda,Natural Gas,0,0,0,0,0,0,0,0,0,0,0,0,0,0,0,0,0,0,0,0,0,0,0,0,0,0,0,0,0,0,0,0,0,0,0,0,0,0,0,0,0,0,0
North America,        Canada,Natural Gas,561.098223,546.182472,557.214801,556.77618,602.209639,645.76321,632.82726,628.09824,694.593711,721.066554,706.3956572,713.8907496,773.4663019,801.7819464,830.1878555,859.3110094,874.3972844,865.4209645,839.3434324,931.4519587,893.9969756,934.6973981,950.2637032,1012.976899,1003.378489,946.092605,993.6908658,918.8257238,883.8203074,939.9628674,1040.91025,1078.334329,1132.403245,1205.739079,1252.835226,1245.603661,1192.927843,1273.383723,1356.739722,1339.386431,1297.196363,1342.091288,38576.73444
North America,        Greenland,Natural Gas,0,0,0,0,0,0,0,0,0,0,0,0,0,0,0,0,0,0,0,0,0,0,0,0,0,0,0,0,0,0,0,0,0,0,0,0,0,0,0,0,0,0,0
North America,        Mexico,Natural Gas,247.216992,266.877585,290.666548,291.28302,292.42279,304.86357,270.98984,274.993099,279.175088,271.03965,298.56114,319.9142686,322.4323698,344.392641,358.4979185,360.974409,381.7861302,388.3290147,443.0805051,425.5236805,452.9368004,466.2837245,525.0330889,581.5293196,595.4957673,585.4478403,660.483489,685.4005371,703.623179,762.9324977,688.3164846,707.3859688,735.468332,767.7195763,747.1558899,801.8114395,833.4038065,838.3236943,885.4584211,883.3219648,867.7827194,882.4899294,22090.82473
North America,        Saint Pierre and Miquelon,Natural Gas,0,0,0,0,0,0,0,0,0,0,0,0,0,0,0,0,0,0,0,0,0,0,0,0,0,0,0,0,0,0,0,0,0,0,0,0,0,0,0,0,0,0,0
North America,        U.S. Territories,Natural Gas,0,0,0,0,0,0,0,0,0,0,0,0,0,0,0,0,0,0,0,0,0,0,0,0,0,0,0,0,0,0,0,0,0,0,0,0,0,0,0,0,0,0,0
North America,        United States,Natural Gas,5928.989516,5785.961733,5378.37309,5045.704969,5389.328468,5187.120282,4861.269693,5168.461658,5405.379046,5743.270461,5743.757187,5869.656548,6069.094182,6220.096912,6366.323581,6642.643651,6763.801583,6804.255885,6689.256274,6712.40364,6980.425197,6672.359427,6888.45371,6689.378168,6716.456981,6611.651652,6515.950152,6933.18839,6985.985326,6860.870417,7200.402919,7311.679792,7643.954412,7853.904388,8023.169937,8259.990785,8321.303092,8220.142123,9130.710459,9453.261829,9252.053851,9297.203592,285597.645
Europe,        Albania,Natural Gas,3.06771,3.374481,3.06771,3.374481,3.374481,3.06771,4.294794,4.908336,7.669275,7.669275,2.761569829,1.52946,1.101822984,0.323939628,0.32424552,0.32424552,0.324077338,0.216051461,0.324077338,0.216051461,0.324077338,0.324077338,0.324077338,0.324077338,0.324077338,0.324077338,0.324077338,0.106784143,0.311970871,0.311970871,0.102645225,0.102645225,0.174496736,0.195025781,0.328464427,0.359258141,0.461899264,0.513221437,0.440577654,0.799894102,0.572260937,0.605289362,58.96873962
Europe,        Austria,Natural Gas,54.280008,50.546895,48.95737,49.911085,55.325725,59.435636,57.538754,60.06793,57.222607,61.36299,67.65663,70.81224,69.53796132,73.34236532,75.48831783,81.61471636,87.67442047,84.49565908,86.75049009,88.21445639,79.87168075,84.58344569,85.5382527,92.49173837,92.39393555,105.451332,98.92859384,93.29868234,98.58132848,96.22591144,104.9364768,99.04069241,94.65066609,91.21130434,83.25753279,88.84219805,92.77886723,100.7067801,93.82356723,97.99198271,92.70896945,98.16879678,3405.718993
Europe,        Belgium,Natural Gas,115.768695,106.407345,87.99669,92.677365,95.48577,95.48577,84.87624,94.86168,93.301455,103.59894,106.2856475,112.8399256,116.2935752,122.0452092,124.7860484,138.0510872,153.7381949,146.6524189,161.5072027,171.9540386,172.8246081,170.6206343,175.8440526,187.337776,190.9082136,187.668372,193.1672867,194.6108898,193.2885055,195.1839228,218.199371,186.6236148,186.0763093,187.3464239,164.0988595,179.5199421,182.5056299,184.5798974,190.1861456,191.6604316,190.5802616,190.3060488,6437.750494
Europe,        Bosnia and Herzegovina,Natural Gas,0,0,0,0,0,0,0,0,0,0,0,0,5.13879808,4.115594028,4.25229728,25.14755712,1.437032271,1.437032271,2.052903328,2.052903328,3.079354992,3.079354992,1.642322721,1.642322721,3.079354992,4.205140688,4.205140688,3.364112609,3.258983916,2.207698744,2.417955837,2.73334133,2.52308453,2.52308453,1.776672011,2.102570344,2.197185318,2.386414973,2.382304476,2.294474503,2.052238804,2.368346249,103.1555777
Europe,        Bulgaria,Natural Gas,49.78656,45.914272,49.78656,50.892928,50.063152,60.573648,62.167275,61.614677,61.062079,61.614677,66.72482701,53.68212011,56.75077416,49.88741353,48.760767,60.37793572,63.6014514,52.86598561,39.28950684,34.7657729,33.218335,30.12345921,31.05912746,31.05912746,32.20244042,36.22555867,37.47245591,35.35670702,34.01197267,21.93295421,27.01802898,33.6129808,31.66619123,31.64513245,30.42187503,33.52126331,33.82543393,35.24014546,33.28764913,31.15977941,31.74191621,35.9232439,1791.90816
Europe,        Croatia,Natural Gas,0,0,0,0,0,0,0,0,0,0,0,0,29.45615142,31.82916926,27.95297352,25.13374803,27.08481159,30.33413002,28.9257596,28.81742343,30.00912153,30.76747468,28.49241494,33.04253442,29.7924492,29.14243193,29.57577687,30.19329313,32.12167702,29.04492944,30.756641,26.74820264,31.13581787,26.80237072,21.69973646,22.25225096,23.85561288,27.89651799,29.87175346,31.35428951,32.59926731,31.35932794,868.0480588
Europe,        Cyprus,Natural Gas,0,0,0,0,0,0,0,0,0,0,0,0,0,0,0,0,0,0,0,0,0,0,0,0,0,0,0,0,0,0,0,0,0,0,0,0,0,0,0,0,0,0,0
Europe,        Czechia,Natural Gas,0,0,0,0,0,0,0,0,0,0,0,0,0,76.59378632,70.61363874,84.58759691,97.38649528,98.80153937,98.94409412,99.76586595,96.80999551,103.7175083,100.3199222,101.3332536,100.6358562,99.40559403,97.78156535,91.12570908,91.86446463,86.99999424,98.31426015,89.04497485,88.57056976,89.73759404,79.86301527,83.74852519,90.37980228,92.89181082,88.02532079,92.44151055,93.82926667,100.66208,2684.19561
Europe,        Denmark,Natural Gas,0,0,0,0.663938,2.1652407,8.638812,14.39802,18.506466,20.458432,22.076964,23.292621,26.236392,27.60350656,31.29277006,34.6910034,40.90528464,47.49656752,54.22768963,55.94823807,59.21612069,60.48252617,59.80684766,59.76042972,60.50157557,60.222002,57.84579749,58.95699325,52.64542282,53.08423076,50.8907387,57.39094165,48.55394064,45.18751011,42.83796362,36.29233688,37.0000444,37.70623446,36.05073963,34.29134319,31.89082935,25.33142458,24.93834047,1519.486279
Europe,        Estonia,Natural Gas,0,0,0,0,0,0,0,0,0,0,0,0,15.45812916,6.22729601,6.6416654,7.72424766,8.45270426,10.9681327,16.57222767,10.3576423,11.62373719,13.1804878,7.695728212,8.772923081,10.00548237,10.14013169,10.44042066,10.20243287,9.798329614,6.783810834,7.266913629,6.501781926,7.045780962,7.16856437,5.626705196,5.044152927,5.547492939,5.279758915,5.408533587,4.973908521,4.466807268,4.828283419,250.2042131
Europe,        Faroe Islands,Natural Gas,0,0,0,0,0,0,0,0,0,0,0,0,0,0,0,0,0,0,0,0,0,0,0,0,0,0,0,0,0,0,0,0,0,0,0,0,0,0,0,0,0,0,0
Europe,        Finland,Natural Gas,9.526016,7.73227,7.13748,6.840085,8.32706,10.408825,12.787985,16.951515,18.141095,24.088995,28.252525,29.7395,30.8874447,31.9699625,35.43461425,36.61229845,38.32363879,37.68298579,43.10227804,43.10227804,44.100016,47.7968975,47.56584268,52.62804968,50.83212142,46.57860702,50.02342853,48.0384552,49.75036337,45.01188181,49.61141808,43.40582399,38.81627346,36.9254088,32.68453061,29.02667319,26.52439518,24.96978816,27.64737276,27.22736078,25.75947854,26.53782601,1348.510864
Europe,        Former Czechoslovakia,Natural Gas,98.176975,98.6531,103.509868,105.027608,110.491472,116.985231,122.733891,130.872552,122.619328,132.935858,156.811256,143.832528,117.292002,0,0,0,0,0,0,0,0,0,0,0,0,0,0,0,0,0,0,0,0,0,0,0,0,0,0,0,0,0,1559.941669
Europe,        Former Serbia and Montenegro,Natural Gas,0,0,0,0,0,0,0,0,0,0,0,0,21.94823797,10.42194027,17.66080647,11.97020442,30.12829137,29.81411626,31.85083661,18.73132533,5.882654467,6.521838069,24.80898478,23.8339593,25.35066589,26.00068288,0,0,0,0,0,0,0,0,0,0,0,0,0,0,0,0,284.9245441
Europe,        Former Yugoslavia,Natural Gas,41.750742,48.30105,47.68575,46.320077,60.944,64.661584,69.635552,81.759599,80.205234,89.220551,77.096504,76.785631,0,0,0,0,0,0,0,0,0,0,0,0,0,0,0,0,0,0,0,0,0,0,0,0,0,0,0,0,0,0,784.366274
Europe,        France,Natural Gas,272.486484,282.12384,272.791497,285.389325,302.236532,311.57034,314.918744,319.3407,308.399787,313.683456,318.704011,360.9526655,365.1403768,367.9226936,366.10675,373.5700014,412.4370427,409.1026787,418.9180295,439.9573812,461.9927735,484.4044765,496.5297471,487.3656655,517.3276032,551.217788,563.9453749,524.5964746,549.9873914,526.0407499,535.2695256,517.8965778,482.5996027,503.9302391,413.777266,436.1205011,477.5784327,480.3308266,468.6065116,477.6029685,442.5841602,471.4380897,17686.89508
Europe,        Germany,Natural Gas,0,0,0,0,0,0,0,0,0,0,0,726.337624,716.7743531,742.0794211,777.5484658,895.8162896,897.029188,859.534937,893.2164998,902.0029363,891.4080408,932.0623768,929.9517562,941.8684047,948.3196535,957.1218903,977.0604448,937.359219,976.9336904,908.2071846,1002.697165,909.1551911,910.2132502,932.1984697,843.3459372,867.7018494,938.0248983,995.7190241,992.4507462,1020.89731,933.8023795,970.824917,28127.66351
Europe,"        Germany, East",Natural Gas,56.33511,56.90646,55.9923,56.67792,67.19076,66.2766,68.79054,63.41985,68.79054,67.19076,40.79439,0,0,0,0,0,0,0,0,0,0,0,0,0,0,0,0,0,0,0,0,0,0,0,0,0,0,0,0,0,0,0,668.36523
Europe,"        Germany, West",Natural Gas,553.671552,524.27076,479.779296,494.609784,519.327264,511.521744,518.546712,566.680752,550.028976,584.633448,601.5193896,0,0,0,0,0,0,0,0,0,0,0,0,0,0,0,0,0,0,0,0,0,0,0,0,0,0,0,0,0,0,0,5904.589678
Europe,        Gibraltar,Natural Gas,0,0,0,0,0,0,0,0,0,0,0,0,0,0,0,0,0,0,0,0,0,0,0,0,0,0,0,0,0,0,0,0,0,0,0,0,0,0,0,0.610347421,0.804536687,0.808696408,2.223580516
Europe,        Greece,Natural Gas,0,0,0.9262902,0.8854167,0.9697421,0.843254,1.264002,1.264881,1.691196,1.691196,1.643144,1.721668,1.692368,1.203344554,0.61366506,0.55319865,0.629281081,2.210709905,9.372290034,15.75375678,22.01825735,21.74835864,23.28441436,26.18155353,28.85525325,30.43625781,35.46969954,43.07568566,45.63140541,37.96546709,41.77452159,50.3132653,46.28971107,41.58102556,31.78945868,34.28684506,44.37176823,53.80111679,52.77490363,57.20003252,63.72179822,68.82078815,946.3209915
Europe,        Hungary,Natural Gas,102.80784,105.31885,109.98048,109.574089,111.478296,113.88324,120.714828,119.981742,118.737078,121.004312,114.86479,114.112659,100.1876465,107.8915113,108.991566,118.5643692,132.193854,125.479577,126.2750254,127.9443027,124.3948286,138.3329869,138.7199033,152.3303935,150.1372639,156.2737891,148.4218063,138.2280861,136.3940901,118.1935914,126.7972572,121.089144,108.2313576,101.5548513,94.72505117,99.83507665,106.4532769,110.0959343,105.8602862,107.7980953,111.6670847,115.9080634,5021.428275
Europe,        Iceland,Natural Gas,0,0,0,0,0,0,0,0,0,0,0,0,0,0,0,0,0,0,0,0,0,0,0,0,0,0,0,0,0,0,0,0,0,0,0,0,0,0,0,0,0,0,0
Europe,        Ireland,Natural Gas,9.46976,14.50057,21.60289,22.696366,24.170156,25.643946,17.390722,17.494444,20.948621,23.6744,24.218208,24.833508,24.53491463,27.84604903,28.33680645,30.17665014,34.2254891,35.82870921,36.22277575,38.71012044,44.38882991,46.28345054,47.29756836,47.51817246,48.51904581,45.36880152,50.85283681,54.90808661,57.27519581,55.36065646,60.76980945,53.17472644,51.78358413,49.66641418,47.86074396,48.01096506,56.30309623,57.69246913,59.93938035,60.81053967,60.96600313,57.01884923,1664.294331
Europe,        Italy,Natural Gas,291.346308,282.354138,281.294064,289.280951,340.868875,346.348561,366.208687,406.603718,440.6134,475.740291,504.705978,536.197325,531.2444047,541.9377019,523.470536,576.8071983,595.3048804,613.7346958,660.7862778,718.2008517,748.8558308,750.9093755,745.8178544,822.2753521,853.26906,913.1394195,894.2764454,898.6587527,898.5105585,825.9061041,879.1931951,824.3871159,792.624983,741.3527322,655.0490281,714.4152269,750.3033814,795.1212539,769.1611079,787.8583081,754.159776,808.0292019,26946.3229
Europe,        Kosovo,Natural Gas,0,0,0,0,0,0,0,0,0,0,0,0,0,0,0,0,0,0,0,0,0,0,0,0,0,0,0,0,0,0,0,0,0,0,0,0,0,0,0,0,0,0,0
Europe,        Latvia,Natural Gas,0,0,0,0,0,0,0,0,0,0,0,0,16.620718,8.310359,7.27193184,11.39443305,10.34876,13.42458053,13.47838647,13.37470666,16.58878334,17.6255823,17.60799205,18.625131,19.76333345,20.0737523,19.6598605,17.07303675,13.27247544,16.303198,18.88548025,16.64434054,15.64649534,15.4781396,13.97328896,14.1929704,14.69641472,12.96113804,15.23264925,14.40134789,11.43766813,12.53938944,446.9063432
Europe,        Lithuania,Natural Gas,0,0,0,0,0,0,0,0,0,0,0,0,41.8030718,25.0830268,24.0354346,29.00081184,26.95706652,30.15719142,33.4093461,22.34250023,26.87606403,28.52997578,29.87377897,31.32095168,30.18388724,31.42432091,30.08051772,35.55909999,37.11036651,28.70008514,33.27421039,36.3769503,35.521022,34.6650937,29.74350648,26.73683131,23.54852574,24.7198284,22.86704055,23.86797192,25.333165,24.27579803,883.3774411
Europe,        Luxembourg,Natural Gas,5.52598,4.14888,3.535631,3.20835,3.525962,3.835956,3.800796,4.426058,4.7466,5.374499,5.419328,5.769756,6.016703725,6.248483133,6.30506114,7.19937332,7.89612439,8.095102741,8.174404363,8.472437517,8.640301612,8.972180954,13.77557109,13.75274493,15.44540739,15.20393232,15.89639417,14.83818658,14.1286106,14.37813556,15.45427123,13.35007854,13.6242867,11.53213895,10.94532529,9.995283628,9.178422775,8.974207635,8.819436245,8.804249469,8.051360478,8.640535133,374.1265476
Europe,        Malta,Natural Gas,0,0,0,0,0,0,0,0,0,0,0,0,0,0,0,0,0,0,0,0,0,0,0,0,0,0,0,0,0,0,0,0,0,0,0,0,0,3.025946952,3.643446796,4.116076599,3.729056708,4.112238299,18.62676535
Europe,        Montenegro,Natural Gas,0,0,0,0,0,0,0,0,0,0,0,0,0,0,0,0,0,0,0,0,0,0,0,0,0,0,0,0,0,0,0,0,0,0,0,0,0,0,0,0,0,0,0
Europe,        Netherlands,Natural Gas,391.079406,372.219582,395.794362,380.502985,403.39068,425.393808,424.34604,437.967024,396.318246,406.0101,402.08097,456.2245086,437.1592655,456.6685316,441.3127318,453.0145913,502.0513951,470.3962464,464.5221906,453.8841365,455.1607029,464.3464314,459.6286857,462.7645991,474.0316858,460.2947204,442.630584,430.4340722,448.9464694,453.2620157,508.3862877,443.9955054,421.7850835,426.5623146,372.7166225,369.2725719,384.9095392,401.6204487,395.0533345,412.6764143,403.6864931,389.781307,18052.28269
Europe,        North Macedonia,Natural Gas,0,0,0,0,0,0,0,0,0,0,0,0,2.777054,3.07137836,0,0,0,0,0.208808501,0.419686168,0,0,0,0,1.050250589,1.045076795,1.043007336,0.834405986,0.743866935,0.85013364,0.854272558,1.28140913,0.854272558,0.427136279,0.533920422,0.640704565,1.462934936,2.880082176,2.667561951,3.103240645,3.602823225,4.542920464,34.89494722
Europe,        Norway,Natural Gas,11.229225,10.9582,12.364014,14.583196,12.938001,15.079245,27.479298,19.05672,22.25335,23.207065,25.57304,24.865152,41.82287655,28.99673035,30.28900392,33.3184071,33.18791398,41.54211311,40.41653427,49.14944439,44.52937703,51.42171037,60.12192287,70.09599095,89.04085322,58.8988726,37.4220271,48.7078219,38.38515326,71.95974579,60.69250609,50.14573786,47.48538342,56.32069001,63.97947824,57.00531468,54.4875106,62.53637003,58.99400472,59.40273913,56.43260223,52.2362618,1768.611604
Europe,        Poland,Natural Gas,109.369282,105.867932,104.005038,105.731394,109.995423,111.62714,120.453472,124.29939,124.362385,122.376138,114.226343,102.410532,100.2361919,105.2404748,107.7667153,112.8328646,126.845337,127.0972007,126.0810445,119.6809631,129.0613552,132.0559037,129.2985774,142.2244183,152.7239737,158.2060224,158.2600663,158.5074392,160.2784407,155.8569588,167.5042913,166.5839929,177.8781075,178.3909187,172.7589199,179.7239706,187.8204656,198.4347733,199.6913472,204.3517688,211.0830169,224.0138731,6025.213863
Europe,        Portugal,Natural Gas,0,0,0,0,0,0,0,0,0,0,0,0,0,0,0,0,0,1.114403818,8.932054018,24.95875173,26.11615857,28.97080161,35.27118676,34.05860773,42.67969469,47.98001371,46.59626993,48.85918189,53.03940645,53.41853116,57.97698824,58.47328951,50.47195351,47.7242754,44.98650655,53.10990811,55.94033235,69.62443089,63.48826462,66.59727414,66.14672394,63.27139364,1149.806403
Europe,        Romania,Natural Gas,392.20101,397.21717,442.36261,453.33546,437.34645,418.84936,442.0491,440.48155,409.44406,433.89784,395.33611,307.46248,276.6718865,266.132486,249.26682,263.85529,261.88926,241.9456255,189.4382769,181.3839424,175.2003989,203.0263447,188.2193655,185.1338021,184.9475508,173.631749,190.7399666,175.7564625,162.8362091,131.9711596,131.9711596,141.2204201,138.1851862,123.8601115,115.7695719,112.4882377,112.1908694,118.6714492,117.5718492,109.6739504,113.3700359,122.5901244,10129.59276
Europe,        Serbia,Natural Gas,0,0,0,0,0,0,0,0,0,0,0,0,0,0,0,0,0,0,0,0,0,0,0,0,0,0,23.84637606,22.74128495,23.14172541,17.89626742,22.42176054,24.3759507,28.79859144,23.14172541,19.54190134,22.42176054,24.24222726,27.14841046,27.33721849,25.5551125,25.5064493,30.71378946,388.8305513
Europe,        Slovakia,Natural Gas,0,0,0,0,0,0,0,0,0,0,0,0,0,64.5671208,60.3775012,80.30601428,70.97114445,72.03409102,73.24037876,74.11610126,74.65051832,79.69173099,75.76806778,73.25736895,71.06356661,76.27549896,69.46216749,65.73379904,66.77196367,57.12877111,64.6750538,59.90492883,56.39408416,58.8820919,48.7336103,50.11658407,50.94843246,50.54871307,49.92510153,51.01622738,53.24042759,59.4765429,1859.277603
Europe,        Slovenia,Natural Gas,0,0,0,0,0,0,0,0,0,0,0,0,6.84484332,8.434597446,8.13738352,10.83029964,14.0346414,9.765756218,10.24182496,10.49991753,10.61798012,10.93336591,10.5864416,10.66003177,11.60618825,11.99516392,11.61670109,11.80593251,11.34336696,10.74413449,11.14655739,9.528913184,9.173253083,8.938749361,8.087152772,8.582105659,9.107965651,9.539170821,9.360306334,8.319103878,9.512111392,10.28586726,302.2798274
Europe,        Spain,Natural Gas,18.737936,22.083996,23.70956,25.4031,24.239304,27.6299,29.31465,33.4606,43.201971,57.19946,64.13184,72.14832,76.08366014,75.09456216,79.99924211,99.7350318,111.61296,146.0452397,149.9378921,171.6305822,186.3827516,200.8455073,242.2427685,260.2736753,318.7175253,376.2106147,403.6596496,411.4782623,450.9851866,402.660432,402.7263388,373.7345379,364.1017184,333.0063082,306.0499085,316.9819806,323.2534586,351.4638704,350.5422554,400.8264715,359.9494724,378.4122513,8865.904753
Europe,        Sweden,Natural Gas,0,0,0,0,0,0.864936,2.32056,3.193993,3.755674,5.51133,6.664871,6.954648,7.906885401,8.7485112,8.604810522,8.69910554,9.005457843,9.056625019,8.811021871,9.932109898,9.145870475,10.27113903,10.36451285,10.80803926,10.39952811,9.570833866,9.687551588,10.85472646,9.185666321,14.32123583,18.1427065,15.11783486,13.55361627,12.23961558,10.59180965,11.09783911,10.55676656,12.52024541,12.52024541,13.026579,14.68712251,15.39655785,364.0905818
Europe,        Switzerland,Natural Gas,11.079502,11.97784,12.901376,14.073962,15.555956,16.46953,16.785384,17.96676,17.98434,19.782774,21.08698732,23.65323954,24.88282312,26.09272209,25.72477239,28.36197691,30.68846283,29.63096928,30.50868887,31.60848225,31.42870829,32.70827533,32.10550401,33.93496788,35.01361134,35.94420571,34.96073685,34.04071744,36.29317867,34.84441234,38.94448352,34.57618607,37.90793859,39.94929772,34.70310986,37.11466394,39.01850645,39.21946753,37.25557936,38.24777112,37.24866339,40.44992016,1222.726454
Europe,        Turkiye,Natural Gas,0,0,0.301204,0.75301,0.4216856,0.602408,4.823952,7.838922,12.951772,34.337256,36.88918286,45.06905051,49.29194729,54.78064919,57.92920697,74.76760844,90.26222724,107.6905074,114.0666659,135.3346719,160.5632189,172.7312033,190.3596828,229.028528,241.7455396,294.3042315,335.566088,389.6829686,389.7935708,373.5189312,405.5771099,475.2493956,481.3656528,488.3775984,518.2431042,511.1808907,493.4510563,570.0605331,524.8344498,477.9548105,509.3269595,630.0134433,9691.040893
Europe,        United Kingdom,Natural Gas,520.628184,529.70298,527.041368,548.280645,562.409691,603.197342,611.39138,629.248851,596.863268,590.507219,610.526444,657.672488,644.0967327,734.3898465,776.9335057,830.604563,982.7440691,936.6839132,954.9081901,1023.597466,1055.583024,1044.532113,1057.461679,1048.973586,1097.506539,1056.356588,1005.411888,1012.285183,1045.133912,977.699142,1095.787037,909.4755435,860.030153,849.2939237,775.6577336,793.1158573,892.9605561,868.8392689,866.7891213,850.0771224,805.5781227,833.4737555,34673.45
Eurasia,        Armenia,Natural Gas,0,0,0,0,0,0,0,0,0,0,0,0,20.15052914,15.16675824,17.3325615,17.3325615,19.50143247,14.08370337,15.16706501,13.97536691,15.27540118,15.16706501,11.80864334,14.3003757,14.40871186,18.41715052,18.41715052,22.25225096,20.90888258,16.79210776,19.71718449,22.42558888,26.5423637,26.10901904,27.08404481,22.20891655,24.0070933,25.50211994,26.89106739,27.06217998,27.56480741,29.96730369,605.5394067
Eurasia,        Azerbaijan,Natural Gas,0,0,0,0,0,0,0,0,0,0,0,0,160.3369309,119.1713304,101.8357012,97.50409464,100.7527995,99.2359397,60.55992388,65.00170719,61.31827703,72.80191217,96.46514096,98.52694299,106.9661968,111.701119,121.6014108,96.20252652,107.6861617,105.7361104,113.1029705,100.8609825,114.2946685,102.5943611,108.6611871,117.8697623,115.6163889,112.1171602,114.2865147,124.2354181,125.489374,135.1493614,3167.682376
Eurasia,        Belarus,Natural Gas,0,0,0,0,0,0,0,0,0,0,0,0,196.2539403,182.1982557,151.1882432,137.3452472,150.2220288,162.0251884,165.5661361,184.6657941,210.3215706,193.1426085,181.7686549,192.7134027,176.1440722,218.0319919,225.2281217,222.9726182,228.2569403,190.6437369,232.284625,225.8695505,222.435904,217.907783,215.4613098,185.9534113,184.6979951,190.0308319,201.581399,200.0040951,185.1813276,195.6052785,5825.702062
Eurasia,        Former U.S.S.R.,Natural Gas,4061.30816,4226.68908,4543.398054,4923.917154,5597.584512,6138.837552,6469.900596,6752.481516,7242.488856,7373.858922,7503.725898,7417.051224,0,0,0,0,0,0,0,0,0,0,0,0,0,0,0,0,0,0,0,0,0,0,0,0,0,0,0,0,0,0,72251.24152
Eurasia,        Georgia,Natural Gas,0,0,0,0,0,0,0,0,0,0,0,0,54.16962318,26.00190996,17.3325615,22.75013736,19.50143247,20.58387409,20.15052914,12.56699678,13.1086776,12.56699678,15.83415511,11.09467999,13.24898681,15.8880129,15.18786303,18.72850052,18.86746456,18.64934364,17.73619478,16.0973488,19.10549395,21.90878288,23.51528342,25.87649541,24.25922683,24.69049851,24.35088602,27.56520296,27.38186788,27.61072022,626.3297471
Eurasia,        Kazakhstan,Natural Gas,0,0,0,0,0,0,0,0,0,0,0,0,217.7552589,160.3369309,162.5027341,117.625177,156.4378715,151.6706501,145.1704794,147.337203,150.5872885,154.9207356,161.4209063,98.54258802,148.0847227,120.5781669,115.5947025,220.2474513,243.3230572,144.1954539,126.1033119,140.8370322,134.2285254,146.5788498,142.2454027,147.4455391,157.0657101,166.4896528,167.9271521,157.4401556,171.6754085,178.5320114,4652.900129
Eurasia,        Kyrgyzstan,Natural Gas,0,0,0,0,0,0,0,0,0,0,0,0,25.65422444,23.9874705,19.27792035,9.53137497,19.76218782,20.80054642,20.73554466,20.69221025,20.72471099,21.84057365,13.00034144,7.984376283,9.956094878,8.016877308,8.406887557,9.382016462,8.125213472,7.100353091,5.00513148,4.333447146,4.615121231,4.398448903,4.647621963,1.950051245,2.034836069,2.034836069,2.366557484,2.251620616,2.42051109,2.419907217,313.4570151
Eurasia,        Moldova,Natural Gas,0,0,0,0,0,0,0,0,0,0,0,0,24.22001288,19.81807464,15.41301888,15.41301888,22.01904376,26.42285251,25.43199566,23.11999595,23.45028166,22.56951985,24.22094814,25.56237158,23.30686813,26.31420606,28.4623045,23.60631881,23.70234165,21.91526052,20.41034982,19.84600838,32.63774818,30.85066705,29.62792707,25.67753699,25.95029948,23.67414157,25.77015106,26.35825949,26.28098045,29.93656242,731.989066
Eurasia,        Russia,Natural Gas,0,0,0,0,0,0,0,0,0,0,0,0,4867.715089,4780.101292,4493.275013,4288.924214,3868.593469,3635.876493,3726.081727,3719.817475,3860.658751,3815.347323,4010.061171,4199.345995,4379.127762,4307.998388,4576.591403,4577.440707,4673.30612,4059.788718,4910.156324,5072.055273,4978.631617,4902.724895,4875.122452,4671.076692,4656.78724,4767.189602,5013.396644,4894.20117,4693.913698,5294.007997,134569.3147
Eurasia,        Tajikistan,Natural Gas,0,0,0,0,0,0,0,0,0,0,0,0,20.5843341,15.16675824,17.3325615,8.7429735,13.30465827,12.35032445,12.13365213,12.67533295,13.54202226,14.08370337,12.89200527,14.62538419,15.04789517,15.4920735,13.82369634,7.150187703,4.658455638,2.459231333,2.448397658,2.155889898,2.199224305,2.285893412,2.426730308,0.216672328,0.205790308,0.205548583,0.787780896,0.915132174,0.916210414,0.916210414,241.7447306
Eurasia,        Turkmenistan,Natural Gas,0,0,0,0,0,0,0,0,0,0,0,0,43.33447146,44.41737309,45.50027472,52.00075221,52.00075221,49.83464218,47.66791861,60.66826004,80.1687722,104.0027315,124.5866056,170.0878006,179.5130481,192.838398,134.9868785,125.6699672,88.83566649,192.6217257,231.9477585,278.5323154,327.7169403,332.9170771,335.8421538,431.8496754,431.8496754,425.9207348,425.9207345,435.514975,445.166748,472.7310612,6364.645887
Eurasia,        Ukraine,Natural Gas,0,0,0,0,0,0,0,0,0,0,0,0,1060.325174,1173.754543,1008.829311,911.1068023,900.2747183,868.8561528,799.5209984,845.0221935,852.6057261,802.7710839,852.6057261,927.3576892,782.1872099,783.2705718,802.7710839,848.9479572,834.3893131,456.022674,553.505782,667.0983865,544.5216396,499.8074598,414.0966764,342.6882345,332.2142395,319.3267517,320.5643445,293.1870222,304.4888429,268.5452973,20370.66361
Eurasia,        Uzbekistan,Natural Gas,0,0,0,0,0,0,0,0,0,0,0,0,325.5791242,458.22919,365.4865592,401.9853084,427.242178,433.5557994,419.8756408,424.0849205,450.3929178,475.6485955,489.3287543,497.5473727,528.2645906,507.2181925,527.1070387,531.3057952,553.5202682,486.2559801,481.015427,540.0505736,537.8407016,488.3816664,540.7871972,506.6920325,436.8185847,453.1294045,453.4492542,449.404751,437.5366011,470.0244666,14097.75889
